user_address,total_debt_usd,total_collateral_usd,health_factor
0x9600a48ed0f931d0c422d574e3275a90d8b22745,1536111331.19,1661434496.68,0.8718
0xf0bb20865277abd641a307ece5ee04e79073416c,1356233581.12,1518670883.45,0.8958
0xc6badce2f5e10db90d74dbe023768259ec4699c7,498988099.40,850587640.90,1.3807
0xc468315a2df54f9c076bd5cfe5002ba211f74ca6,360151224.03,404040113.93,0.8414
0xe5c248d8d3f3871bd0f68e9c4743459c43bb4e4c,230299967.76,464945170.14,1.6757
0xfaf1358fe6a9fa29a169dfc272b14e709f54840f,222162423.11,459494549.73,1.7167
0x23a5e45f9556dc7ffb507db8a3cfb2589bc8adad,186784541.82,203849350.70,0.8185
0xef417fce1883c6653e7dc6af7c6f85ccde84aa09,184151396.20,208471055.88,0.9094
0x9cbf099ff424979439dfba03f00b5961784c06ce,181452845.64,198743552.45,0.8215
0xef992050dff61225ba6fb6018a106a6e2b2569a3,140467722.62,154232347.75,0.0011
0x85e05c10db73499fbdecab0dfbb794a446feeec8,134982617.45,288280431.15,1.7726
0x197f0a20c1d96f7dffd5c7b5453544947e717d66,131480610.35,139945551.88,0.8515
0x99926ab8e1b589500ae87977632f13cf7f70f242,129875837.65,243061837.67,1.5475
0x3edc842766cb19644f7181709a243e523be29c4c,125131324.17,139356499.12,0.8909
0x6761826e71fa2f47fbd2db2eb9f94fbbd49a9e8a,116187466.77,133190400.19,0.9171
0x5be9a4959308a0d0c7bc0870e319314d8d957dbb,111754688.94,183808678.99,1.2967
0xd9b12c063d4df75b47bd5797d857c873e3c6b505,111331719.51,122861937.54,0.8829
0x28a55c4b4f9615fde3cdaddf6cc01fcf2e38a6b0,105828315.25,262615857.34,2.0566
0x7cd0b7ed790f626ef1bd42db63b5ebeb5970c912,103093594.29,217631283.59,1.6482
0xfa5484533acf47bc9f5d9dc931fcdbbdcefb4011,102059018.78,225449161.13,1.7425
0xe40d278afd00e6187db21ff8c96d572359ef03bf,101876559.85,208850361.19,1.6285
0x741aa7cfb2c7bf2a1e7d4da2e3df6a56ca4131f3,97810586.90,308560587.94,2.6184
0x50fc9731dace42caa45d166bff404bbb7464bf21,96159990.53,258928734.05,2.1003
0x34780c209d5c575cc1c1ceb57af95d4d2a69ddcf,95190356.82,244150034.84,2.1288
0xdb802c7c6b7cc1c0e8474bb7eb80bbc569763de5,94972501.30,255701006.60,2.1000
0x40e93a52f6af9fcd3b476aedadd7feabd9f7aba8,86844312.59,96855850.11,0.8365
0x5877626d3cdc57317d861207244a4eea28decf9e,85282929.34,96786495.45,0.9079
0xabbd5b2b0b034781e58434736728b9d0673de7f1,83710399.25,142252074.99,1.3962
0x4f285bbcfed9140ea4c15feb3348b227f6f35bea,80835753.93,87578274.57,0.8667
0x7c697d6cff279f3f9c2401d0ea2ac7e7ede0e2c3,78867786.56,239944507.11,2.4643
0x60d2d94acb969ca54e781007ee89f04c1a2e5943,76192748.01,94080612.94,1.0002
0xba20c11a14c7f41589785cd6fc1809b03bd58ecb,75462591.44,79840104.47,0.7935
0x659195fb6c4d77cf116564cb6487d2effd60bce3,75418305.04,82844716.68,0.8239
0x6e9e81efcc4cbff68ed04c4a90aea33cb22c8c89,75054719.26,170596516.12,1.8866
0xaf9b98d2acde5f13eaeaeb0101273cdfa86dcc95,72137363.32,82881529.05,0.8617
0x8e80a60a1766b3b80aa7d766e190eb80fb68683d,70048797.18,74637406.74,0.7991
0xd93814273b33dd33b32cd345225cfb65deb048dd,68561864.86,74117375.10,0.8108
0xa339d279e0a3a9ede11eceac2ec9529eebdae12c,67972260.23,142209577.04,1.7365
0x64471d103a7f77262529383d53bdd28b260b1ae8,64988251.26,75424894.98,0.8704
0x4ed0b41dff79e0e53a054903873899bc32abc853,63732730.27,105469005.66,1.2908
0xe84a061897afc2e7ff5fb7e3686717c528617487,62898997.79,231830714.98,2.9688
0xa0f75491720835b36edc92d06ddc468d201e9b73,60877610.16,86262339.29,1.0726
0x0591926d5d3b9cc48ae6efb8db68025ddc3adfa5,59372885.19,66279804.87,0.8372
0x52e02f0a43ea757d3c8b78745c99d8ddc33bfa26,58571566.31,106301547.09,1.5064
0x96f49d0e9724dfd8780fa667ac37a993f005cb94,58443127.77,130506459.06,1.7864
0x8ae9847bd9153805b064e3c3350cbacdf622a24a,53823640.02,58590655.16,0.8164
0x5780734f2553dcb83cc6c9c6a7efea52daeca70e,50371572.18,53534452.87,0.7971
0xcfcce06af0ee209dfa340247199057fe619c98c9,50287938.51,54680626.32,0.8699
0xffefa70b6deaab975ef15a6474ce9c4214d82b02,49999681.50,97032335.71,1.5719
0xb3abe0777aa9685941e54744e704378b4b33eeaa,49798062.77,56053626.00,0.8442
0xd8495b95a3a6a85f4e3baa003e8b7ed1ed85562d,49494880.35,54833897.32,0.8974
0xce9d00377edc72ddfbf0c9e0f007b614e9257c69,47925340.78,51613052.93,0.8616
0xfa4fc4ec2f81a4897743c5b4f45907c02ce06199,47860220.25,54302178.74,0.9077
0x4352cc849b33a936ad93bb109afdec1c89653b4f,47011814.69,83852990.54,1.3919
0x94def848159b30605afe0c1d1ac43d6d588b940a,45146153.47,63111162.52,1.0904
0x9fb1750da6266a05601855bb62767ebc742707b1,44764024.83,49910017.19,0.8362
0x2e15d7aa0650de1009710fdd45c3468d75ae1392,44534771.27,49738419.96,0.8935
0x58e70d8bed174643fb5f177e3f0ab2cfe689487d,44419177.74,67745305.28,1.2201
0xefad748654ec2c072b8735c010ae2fdea04aaf7d,43991343.22,76108273.05,1.4360
0x8ad459048c798b7435887184d81d7dd8cf2ab818,43908643.84,47920025.49,0.8743
0xeb2a1125f1e14822d0708464b795baad6b9038ce,43596067.55,82700569.67,1.5365
0xb561b1e79e448bc3a7ac4dc377eeecbc99505f60,43342423.95,76880374.66,1.3836
0xc35bc7e918bb4c0159296d9749dc59de605b4b93,43214634.11,46435375.04,0.8602
0x9e30a1cb1bad5f4a4915390fee7b77213e36625b,42187957.37,0.00,0.0000
0x3af4a49c8e2fcaf33fd3389543b80d320fcc9091,41403822.23,44601115.22,0.8618
0x839a8de8e0aff8021a0aec2e42ef1f229ec99235,40495574.60,44399577.90,0.8223
0x531e08e19e54ea655822d62f160e27af727b6e9f,40471349.52,0.00,0.0000
0x22a65f880bf67b6b62aa6cca4f28b6ee085ee6ba,40019022.79,44038502.39,0.8473
0x6142eb927529974c5cded66dafc57cb5aaaf73ab,39978950.30,44906234.11,0.8424
0xf2df969f59b2c86e4b230da88918cdebcfc4ccbc,39887300.46,43000171.20,0.8624
0xdf2609ec3d2e07a79d2e25e52960e75250bd9aaa,39303708.77,52730753.76,1.0604
0xc89657cc18c66ffc01d758ed42e61f28c6be43aa,38802351.94,45618.57,0.0009
0x0a0fa2b02ae73bd9eb4c1e086458099eca42476e,38333111.16,90485004.63,1.8642
0xc86c66c430d40523a126795b9f03242740583d12,38271742.12,51171882.95,1.0903
0x989b96317735d70a7762bf96c034b203713aae18,38108576.42,53524215.98,1.1384
0xaaf9f14f20145ad50db369e52b2793bfeb18a45b,37878980.15,49909407.78,1.0277
0x3af077300bbfbdd697e74b07c761bbcf18ea1971,36724206.06,50558311.03,1.1014
0xfad075025424f08e06037a9b18dc5f9941021053,36188799.40,40676819.50,0.8430
0xbe55fdda3a56055b7a3b9c99893be53fd111237a,35634405.59,38410035.92,0.8623
0x4f962bb0ea0785c539f8ab52a17f1f873ddc355f,35510778.24,38247235.91,0.8724
0x9938a09fea37ba681a1bd53d33ddde2debec1da0,35433214.89,43491820.86,0.9206
0xc9db4e8d3d940c16b800d433d168d2f651025642,34343285.50,61745094.60,1.4023
0x033c208a1626b78e8258ad3e8ee0e6d923cbe709,34035303.64,62945751.65,1.3871
0x63950cfd75e2290a3581b6b0e39c86bc11697d5b,34019532.52,40836279.61,0.9003
0x7055b17a1b911b6b971172c01ff0cc27881aea94,33908494.49,122124843.42,2.8092
0xa028bef2835cab01d39dc3ff34abc46a2f665bb4,33278568.82,77305223.89,1.9275
0xd48573cda0fed7144f2455c5270ffa16be389d04,32407507.42,167064291.76,4.0210
0x6a8018b0ebc017a6532d96be8cff9f3f9ed16f8b,32381389.64,35632680.08,0.8803
0x28355886a65848488cf0a3646fca395db0a762b1,32302669.89,64386945.96,1.5547
0xfe99cc4664a939f826dbeb545c1aad4c89ee737a,32210058.16,43757311.14,1.0596
0x85f431344c0798b87337bfbbaf482e3e9c23e857,31947199.88,35159011.73,0.8804
0x3b3f03015b479b734f41b77dd72851e676d0f406,31485939.86,0.00,0.0000
0xd1a2d9df5db842da2ee81075fa441602b2352915,31442421.16,34888014.52,0.8877
0xf4eee06aea972a13b77f326a185bf29d893ae674,30369548.58,32644439.94,0.8599
0x91cfbce901ebec39e5fcd4416893a5632b6da004,30326703.44,48666880.80,1.2943
0xa260b049ddd6567e739139404c7554435c456d9e,29927108.21,32640496.44,0.8834
0x5130985ce6a0e54f369712cd6f2fdec084026e54,29545245.38,55324604.32,1.4642
0xc81b6381bf13ac1dd80ad44775958c91bf962502,29366043.74,31856862.37,0.8679
0x77a56647fba0eb60abb7395574cded565f6f94f6,29162255.40,67021997.15,1.8567
0x2572223f5df9b5889e99554152e91e32c8e8a03b,29149431.11,32247662.16,0.8297
0xf368d43f148e1803ec793670183b0ca6a07d3898,29140795.06,56467385.75,1.5823
0x08c6f91e2b681faf5e17227f2a44c307b3c1364c,28937429.32,48769379.11,1.2640
0xc92478912779758b8f757230ec816d3a47c52fe2,28917668.49,33855953.21,0.9483
0x8c0824ffccbe9a3cdda4c3d409a0b7447320f364,28487130.13,41993141.66,1.1299
0xc1914872a1dd8e7a39ac6d5ee0d6fa9fcecf001e,28194695.97,31342291.99,0.8893
0x2269ce2753e2967dd5322a56188c3d24435b3588,28161639.81,58208014.84,1.7155
0x962bdd83c3943fe08b62101fd9f9a8b923a0b475,27114293.21,29465328.05,0.8694
0xd007058e9b58e74c33c6bf6fbcd38baab813cbb6,25424483.15,59491868.81,1.8252
0xe67112647b7aea8b7490f27e1c75208868138df2,25378421.01,36697444.96,1.2002
0x517ce9b6d1fcffd29805c3e19b295247fcd94aef,25339898.18,236858129.94,7.7065
0x630fd551ec58a6ea3b65714df737d294a1936ca1,25147545.36,29766255.53,0.9588
0x26a58af72eff53ddaa064a9df86e8ec3184bee95,24983973.28,39797501.52,1.2425
0xee2826453a4fd5afeb7ceffeef3ffa2320081268,24792430.00,26735690.26,0.8627
0x372cae7fa19b81a9786a9081704ea1e2dad576b7,24310301.27,49979164.20,1.5625
0x04b35d8eb17729b2c4a4224d07727e2f71283b73,23596399.31,42191848.73,1.4483
0xbcaf70ef342378755e82c9f374225604f04a36e3,23244870.56,24969063.44,0.8593
0x94e96e1b9b8c7ecf8ddb37a379e6bbeffa057c93,23226540.76,42027669.99,1.4653
0x01d1f55d94a53a9517c07f793f35320faa0d2dcf,22991797.30,38479994.36,1.3535
0x931433324e6b0b5b04e3460ef3fb3f78dda3c721,22481373.69,32689413.80,1.1342
0xfec2adfa296fe189f53089fd5ccd8c28dd559cf2,21715165.15,25363985.23,0.8760
0x236f968b3e9cc45d6d86bc95386a27c8051ab1ce,21184022.92,45454834.00,1.6093
0x7546966122e636a601a3ea4497d3509f160771d8,21117551.81,42475315.71,1.5689
0xab5a28b6ca2d1e12fe5acc7341352d5032b74438,20905857.51,30849154.40,1.1980
0x3b94e9fa105551b700e4965bf13db3153bb26557,20838352.99,60582476.46,2.3417
0x66466428990e0f42a4c54f64bee0db6bf2336de5,20835855.65,28083677.83,1.0921
0x011b09fa6a0a508e0f11e4a97c50eed4d2c1a85c,20470438.69,36617371.37,1.3953
0xb0449ec1a8a60f95322617d6ed52e1ba1a7beb49,20390473.00,26819239.97,1.0473
0x277786ef4715e0b7b4ecd7932157898389f78ddd,20242817.28,21537225.69,0.7980
0x90d443b372b2a1212dda03c9b56c4e622688e981,20202242.98,37312678.27,1.3852
0xb7387e11060d14fe5db69880f24ce66d1f8cfe1a,19708535.88,49032439.09,1.9764
0xa3bcf996fd1cdd1f357b5a1eed0a39ceaaebd422,19422221.94,22583563.99,0.8721
0xff43c5727fbfc31cb96e605dfd7546eb8862064c,18830551.37,23055933.28,0.9183
0x4c09dd7c598b12c781c4b5d74d245a1784a2e148,18797160.45,20686111.82,0.8804
0x7576b7a1d278e3004dd37bbeb90e0b08ca70a1b9,18522251.57,19906663.57,0.8598
0x25d2477f89fb29f6956c45d4dfda9d29eb187f4e,18494254.29,32356301.36,1.3646
0xae5a33bddc2944f372142a84cd5c4f78c990ee78,18450739.39,37632862.60,1.6929
0x54b338e6cfd605dad2264b96b0a730fb2bdca9e4,18175526.83,40221402.62,1.7891
0xb99a2c4c1c4f1fc27150681b740396f6ce1cbcf5,17999885.34,48583824.18,2.1593
0xb2c763b898a246d6562d7566fab4fd1dad586934,17935103.48,20119466.19,0.8413
0x834bd54eae7edd442637375b9be9ba2a9ad28389,17662184.84,40365601.09,1.7826
0xb5c98c0d2861d39c538aff4e87cee946ffa1adf4,17619319.93,37500680.19,1.6648
0xefe7e52a3dc060a6e1d08a9486fe550ff369e464,17533258.18,20025036.37,0.8566
0x6b2563826bc176fda2099c47567f447fc32cc5b7,17519751.09,28695857.91,1.2788
0xd5b32c3e9021c8b6c73f6b86e5652693d4be4ab5,17136311.68,19349669.99,0.9119
0x06c05fbac28826fa24b5fe806f239277d8b5a9fd,17130005.37,19813029.19,0.9265
0x079e5016e76098e664499d2ec36d56aa1bc9f5e0,17121032.35,18444808.77,0.8619
0xbb1aca5df175b5f0268fdd53e53c1bef3ced02c7,16987478.39,30120277.54,1.4717
0x931bf367dad3f181af5304961bc5092722eea8aa,16952856.91,30665675.62,1.5014
0xce344e5ad5bab578601cbf8ad103506588d38455,16905680.13,19334810.45,0.8578
0x109b304ab7eee74dafc93e3b04eae7001d7a295f,16521719.51,50871167.54,2.5399
0x82de027c44006fe4260dce1e1861b04fc4811b71,16336453.57,22987288.03,1.1257
0x691cb02bf62a0bb2397bfae9a55f7380d415fff2,16132048.50,38915859.30,1.9128
0x949b9e1cdf8ff927e89d45229793c62206b858ee,16026913.44,27843010.47,1.4419
0xab59403c721eaa64a850474e63919573c0f0b767,15944801.03,0.00,0.0000
0x2735a560ca4a5ec14776a2cef36280f17a980cd2,15898879.51,17601044.55,0.8967
0xed0c6079229e2d407672a117c22b62064f4a4312,15805811.55,119531675.05,6.1175
0x2c4fb358eadfe01184451a74bd0a3812e3da1c08,15548240.33,19241931.70,0.9282
0x5410d09be697e57cd7c4ffa83759abed3219e020,15542702.68,16938451.18,0.8718
0x449be7d5da3415cc23576d13ed56ea0f24947095,15537164.58,17287252.48,0.8901
0x1e4535ede3ef2de03d8e9bcf466924665ea19b54,15459775.81,28738366.31,1.5429
0x2446beb3905cffbd2c5eb18f1f9c2996b05257c4,15364656.47,27003449.17,1.3709
0x2824fe10aa823bb3b2c794c0b3d0c2b6601b515a,15029196.62,15996763.50,0.8515
0xe637b85b0649e2b4477663e1d219611d1aa3c64c,15003388.58,41902687.93,2.2622
0x44e8c2451e916c87dde3977dc80f6fb8a1e33b1d,14626808.00,32301778.34,1.7722
0x2a0ada17c08fbf240e7759b044f19afc7369a868,14451933.41,19112512.32,1.0580
0x74600f1edcd794977b6848a459b0ce14c5d330e3,14380259.32,24549277.36,1.3316
0x28376b3b5e891ca9aba834e2797a63f061af1039,14246008.94,21984178.34,1.2037
0xddf725d2ebd795748dd8c6b700b7c98d1dfb8ce5,14236089.54,22741089.97,1.2574
0xf929122994e177079c924631ba13fb280f5cd1f9,14114831.51,41991040.25,2.4097
0x7974b46e7940de2c4d6458c053bdbac0bf111683,14086428.14,20801097.91,1.1670
0x04c58ee5e5fc5f56a824184c5d88e94b7ca4aa76,14016105.08,25070656.29,1.4846
0xb20fb60e27a1be799b5e04159ec2024cc3734ed7,14015427.27,32454740.47,1.8062
0xc427dcc18dc41f519263aeed1fafda7a7c8294ff,14007393.41,27188034.38,1.6110
0x26d19d19aced3d07ca08444276ef2d6caa57d193,14005202.81,25255759.81,1.4967
0xd65fdb5eb1efd6a8859e619793d25c9357948568,14001782.99,25469962.15,1.5098
0x6286b9f080d27f860f6b4bb0226f8ef06cc9f2fc,13995254.31,31232360.80,1.7619
0x8577c67e306f944d869c9ae2e5c603a162fcf7ce,13973380.34,15083486.03,0.8693
0x5c430ff6f374da12218b380d2040299ae5b6d40e,13928823.80,15414041.85,0.8300
0x62bc66de718645a1f605638132a57213119aa5e1,13855879.87,14710665.85,0.7963
0x1df2fba03a26e161bd22bef52a5cbfe34a180882,13841651.10,15027737.01,0.8686
0xc3da51cc1063b3ceb44b041fd336ef6c74291fb0,13757994.63,24387263.21,1.4712
0x858b71e1d6e421fee400994bfd918da26dfd33af,13640987.22,14988632.91,0.8241
0xfcd091e1207e467a5b23ac3bc0105e2742309d9f,13566986.14,16923063.47,0.9355
0xe64f291923dea9a996d92a2a6e6b5e788ccc10a4,13512542.82,14468449.92,0.8031
0x08c14b32c8a48894e4b933090ebcc9ce33b21135,13507475.65,15172647.70,0.8425
0xbf7ea95ab6f509b3b446c4d96a06d68a5c6e35ee,13399914.64,84748487.59,5.2494
0x666073af75b8d2e6e9efea414db566494e61aafe,13210211.11,28249402.11,1.7749
0x1e2799e0071e535468097e04ad23b9fe3ae5a6a5,13178803.85,14788855.63,0.8949
0x941ad3ebd8321797b9b53a87ade232e5d85973d1,13144588.89,36604983.53,2.1721
0x4debdd6cee25b2f931d2fe265d70e1a533b02453,13103937.69,30101104.49,1.8201
0x487828727cc97172205faeb8d15b3ee5d9924599,12993929.37,21399554.31,1.2352
0xb7fb2b774eb5e2dad9c060fb367acbdc7fa7099b,12973344.34,28030446.11,1.7365
0xe094a22330b1eb7d69bb6342a63c59c07c1a5b4c,12936790.10,42617391.02,2.6684
0xf897450613f4b581ce3e3d87f04fcf9dc55c7354,12873448.98,15745287.68,0.9785
0x507b3f6d4f85c451f7914006c647391a1afb96d6,12864586.71,86239979.80,5.2915
0xb907d8ffd28be854a75580adebc2af4063d0dd92,12863976.70,20333476.09,1.3119
0xc0979af67786f30dea9335665592d6813b21b819,12786911.47,14077024.77,0.8807
0x16674814ea6a7aac3decb877ea8fd01deb5c333d,12768859.71,22016195.44,1.3449
0x324c0cbdeb97d58096d630176b1b247684d534cb,12613087.44,18766987.05,1.1606
0x4bacce55f0991cfc4d919f7f50edb8be028e37df,12402273.43,13393239.30,0.8747
0x855904de035c9d86a301af364159e7237b2536c0,12342942.36,29705231.93,1.8772
0xe71803deea7a37f38e29c04e15b0a432416f0204,12326535.24,13661457.56,0.8312
0x9c0a628ffac8c01eae0f646d4ca364778abc342f,12295180.07,19653354.88,1.2468
0x2f881f41af772808b848c382370710dca0415bf9,12196428.14,14477036.60,0.9615
0x0abf5fa8745a406c05300ce6791d4c83f8728372,12117069.92,12949854.04,0.8015
0x81ebde24453b8e40454616579ea79c79a197699d,12106798.39,16731173.25,1.0781
0x935ad0fbea9572bb24138f23a69e314f0bdbddbe,11954888.96,32663571.63,2.1409
0xbb4d7da70e53e9921ec2cd33a90ee5b822f44e54,11893405.80,13455073.22,0.9050
0x6a1f4f0ad047c7050f7ddc0563c0aad3931c4771,11711487.26,13065029.15,0.8925
0x24d5c7337b70f3702bf0e770401822c9d95beae6,11699928.66,14098457.12,0.9038
0xbc38b5975efd7330ee3db7e85eb46135f6b36913,11676812.37,0.00,0.0000
0x33c0b106c459d86841e96d58db211ae8554132d2,11669082.34,29554884.31,2.0770
0x9297989b23c5fb2a1340c65a8c63b0c46fc721bf,11655838.36,19908980.37,1.3367
0x1a8c730c2ad5faab9fe0d7ee5bfd750e044a111d,11581822.65,21412172.70,1.4473
0x399b610e64cfc26988b3a476b438a5f73976ca70,11572948.85,19075070.79,1.2856
0x5f23d9789dd2cd64512f8c40fd50be0c2a6927b4,11488179.57,27017964.00,1.8344
0x51ab7dfcd47283dfbcee6f0a15d25053825f4eaf,11436737.69,30191855.54,2.1825
0xa9f86d9eaf339305cd36e76bc0de7ac5b024f075,11419725.08,12533010.29,0.8231
0x965cc423e416827efc108e64103f7ea727c5a1ce,11411144.37,19134231.04,1.3079
0x415f04fb06abd3ec6ed32452f8318504ecdc322b,11378146.11,14865000.26,1.0582
0xeadc152ac1014ace57c6b353f89adf5faffe9d55,11337763.95,47433150.57,3.4724
0x2155287d8379b3254f64053b517641d512e99862,11255135.78,12432994.10,0.8285
0x2ac7908bd818982373f45fe1e5a6fb3c676fee1d,11191798.21,16876899.10,1.1762
0x8af700ba841f30e0a3fcb0ee4c4a9d223e1efa05,11076770.32,40974906.50,2.8854
0x36aab712e7e6820608d5c974d6f9a615ecfd46db,10999929.93,29880759.14,2.1188
0xa62cc2971ec8b42fd91bd6312f5962fdd5a7fc56,10989987.02,11971895.06,0.8170
0xd47f5a2bf688999017163f4da7f39159650d7133,10494729.91,15674952.91,1.2189
0xf11f844bc13e7912b78f0ee8b8168f8ef32be22d,10489875.00,29196832.17,2.1710
0xc2c5ad1a018ffd61fdcf94e5bfc6af863ae5873e,10285045.23,28352574.82,2.2880
0x1cebd13797636b94c5cad7108cebe42d2fce7732,10177538.75,18438754.34,1.4323
0xb23e02b15bd7dc80c2c23512ad968ab2bc736f89,10143390.93,15239213.56,1.1719
0x1d46ce6b1d12b1ce9252034e9fb7a292db762e38,10136136.72,11041057.67,0.8714
0x1faa9bd9bc484cde1da5c4650483a8efe7b414c7,10111914.99,10768612.85,0.7987
0x9f80c83f4555bec66b7e30c8dc65550576d0bf44,10005794.63,19506211.36,1.5272
0x3eeb5e43bcb9ed151a13a2cfb584a171dcb1aeba,9999936.30,23557188.31,1.8792
0x85b5bef6d57ed80cd2dcce9061e44ff6fae55d31,9898022.09,11202082.66,0.8488
0x6559eb070ec5f3b6cd278f5d43433bee724b55bb,9848120.66,25749973.33,1.9610
0x2f8d4e7b1d771932e1367ee46f4c7be11cd94ac3,9822250.65,15833639.39,1.2574
0x5047e08c576778fffce5934ac658c80ada1fcc4c,9763099.65,10335443.91,0.8469
0x32809957fff30c8b837faed6730677da79ed7793,9748914.73,10364396.81,0.7974
0x6b9ee75dbffd6b7d5706991ac7e7ae5363b484af,9540843.13,33488109.13,2.8558
0xfcba81c19b20d2f2d7cea6e10647803ede7697c0,9521275.59,25413133.09,2.1662
0x7938d7f05f9a8dce7571e4f2fcfc3f453280a6cd,9499950.98,16646552.04,1.3668
0xadfd7fa3ef9e23c3b44f2384dad5bb876f15e00e,9464142.56,20092793.76,1.5719
0x34bf8dcb3ed8cf8aab57b1d8330cab8ba5246708,9420085.19,14876880.99,1.2330
0x91c56a2763178fd8b7e574ad32f174869fadf1b2,9382509.73,10062429.03,0.8044
0xd71f4423e097888af07e2ceac0e71b9a43f64a1f,9377640.31,17991664.51,1.5222
0x8fb388696010edc0c5d574b2f25b9629724acfe8,9333820.59,13186036.19,1.1019
0x91d735ae8abb177869464963595881285ab181f6,9285605.49,21788680.65,1.8303
0xae9746a85f7e08cbfd08db00edf9b6c21f592fec,9233251.66,12102735.91,0.9831
0x92b75a5bfb7be7911747276ad335b8f5da3ce0f4,9232271.44,13014184.49,1.1229
0xa83d737dec6f4eb23b17217746a553ba3373f1ab,9217297.06,17978649.54,1.5214
0xee7ca610d896c53ffe716b801c05748efd902954,9167067.33,12248359.96,1.0422
0xf6e2c92410635986f16d3cff67f5a74f86683923,9135281.28,9797297.91,0.8044
0x6703fe0e1ff189d8d8d2e0bf5a1f09554ada8fa8,9133377.22,9797297.91,0.8045
0x0180e063f78b94f50eb8e6b4a5cc0486cf64f8aa,9056923.68,18527943.50,1.5957
0xa32e350c5397b78fe31d8e65d6bfa3d2c58a2ebb,9034746.45,14925603.05,1.3381
0x4341135454a602d46b95acfadd88db967bcc35ca,9015484.46,17668183.13,1.5874
0xa5704b9aa25e8945f581b8a85a7f9122a55bbc15,8971747.35,11176273.19,0.9343
0x705a56ced614f91b969f1915b386d789ab198d9c,8842622.69,9331617.89,0.7915
0x86c9c15c990fc5c8e4992a2b5833cc3358ba3e5e,8827673.78,9419790.83,0.8537
0x4f7dd9c31c429296e7135e151fa2de59a49f7a82,8769892.39,9405405.99,0.8043
0x1033bac297115f4fcdbf9736edf4ac2a5dac0ef0,8769886.69,9405405.99,0.8043
0x1233b9b78d2d518f413f5a916793130727919220,8769878.50,9405405.99,0.8044
0x52ac69d63af2bda446b6d406ce006849bafa3117,8681187.75,12682828.24,1.1486
0x2290661dd55d8698599f63ea0f9e46b52e1f80d2,8543706.78,9662903.32,0.8482
0xaaf5feaa9e5694b2b293e67558e2da8ea4b1fb13,8521331.20,9167543.98,0.8607
0x9d99c2fd19a7803de5691b2dba3b15b09fef37fe,8508223.98,9157864.39,0.8611
0xc26b5977c42c4fa2dd41750f8658f6bd2b67869c,8443446.82,13562240.55,1.3332
0x230278fb77e0a8d8e4df2444d8020927ce5782a7,8437132.55,10172354.59,0.9645
0x93b4ed3c50cbd08a758827beb3cf3810fa00dd7d,8430530.58,19958457.62,1.8466
0x26c212f06675a0149909030d15dc46daee9a1f8a,8398036.52,13983583.16,1.2488
0x9ac60bd825eb8fd0240e4daf2646c1050830013e,8388822.70,21513870.13,2.1013
0x1a557354c5b8d7df38ea914209e416dc7065b158,8217131.06,8712343.09,0.8482
0x9d132a96db0a976e06d384ef69aeaa8bba11b698,8185144.23,9414844.78,0.9317
0xaf184b4cbc73a9ca2f51c4a4d80ed67a2578e9f4,8146057.89,13747290.11,1.3914
0xb7210a359cd2034126b8b2c8b95e748f04fffa38,8116164.82,13031656.45,1.2601
0x65c4c0517025ec0843c9146af266a2c5a2d148a2,8092011.42,15418935.78,1.5815
0x91eda28735ce089a8b5133476263c3fb8303c8ca,8081346.13,19291049.41,1.9336
0x51b772d972424bfc358dd24a1662770bf0631059,8070964.01,9158623.56,0.8511
0xedea3257476638dc7dea7adc074fa670755cbcac,8069299.19,8732292.89,0.8657
0x924cafec4f967be5df085ad94d8d50574f9a2bb0,8057006.29,25543445.25,2.5165
0x01329db67e9a963695c65766a298f9876e87def4,8018909.22,16011743.41,1.6263
0x181cb55f872450d16ae858d532b4e35e50eaa76d,8008343.48,14633218.23,1.4801
0xb01ec8485bb3b7eaa7bb13c73645d91434a29bc4,7999949.04,11063183.02,1.1478
0x8d533fd40b84717aa89f25192d5494fdc01156d3,7997170.43,9418770.99,0.8833
0x1ac0660eed3892117e55efcec6088aa6d04f7622,7893653.16,9454535.09,0.8983
0xbbd01f9b63ae317c55b9a6837c51bb2b6394b5d5,7806496.72,14993711.93,1.4981
0x4b441cd7c5085d0c255eff3db7ec3417cca1a1a0,7783966.55,8271237.24,0.8501
0xf6123c482f3c5b1bbfc2272a8cd117939d1a6acb,7780821.84,11872664.98,1.2014
0xfacc714a5c5c962834bbb7fde948b7262277e007,7755402.91,14123018.09,1.5115
0xc70f915258483d65c3c562483653397d6b371858,7718825.90,25678717.19,2.7612
0x0c883bacaf927076c702fd580505275be44fb63e,7667514.27,18184234.16,1.8687
0xcd9d098594b78ee61e2f6921461ac17f16b28827,7596780.73,13615898.40,1.3980
0x77e19de48f43af1d150aaef2de7e7ab8f3e55360,7551487.52,10079079.64,1.0411
0xaf1931548fb335bf1dcec13e788dbaaa8b79a4d5,7509100.63,19904447.12,2.0676
0xb7b7eb7e9611975bc9715f22ce7e6ee288296fd4,7483754.29,11736359.26,1.2662
0xf82d8c60402200114e2d5a8bdc40b1ef8f8ab0de,7474261.29,8183580.34,0.8866
0x2ba553d9f990a3b66b03b2dc0d030dfc1c061036,7346193.39,8030998.47,0.8746
0xf151ed2caedbda83c17ae39d6990d92909fcf529,7331466.37,24419652.92,2.6234
0xae3279da7e7d0d26066a1591464d2cacb55dbf7b,7238763.25,11257158.67,1.2908
0x72b38d35f7b1eedf1e1412f2146a76937fd38dd1,7212171.04,8290829.58,0.8622
0xeba958e17e20bcc638edf37e44fcddf5474ac9bf,7073315.14,25513245.73,2.8674
0xb4943d3d4d66bc1081abfc9ecf83e797e8a8d450,7073159.99,7513674.46,0.7967
0xe50f97374068f6f7f0d1c7a46893042fed87c923,7062347.32,7697447.53,0.8719
0x32a7deaeb6ca5bd8cc44cb577cee1e3c3a4292d5,7001054.99,23058160.71,2.7336
0x9df8dd68c73b096cd9c0c4963fe89613df40a1cf,6968676.62,14403823.55,1.7156
0x8e0c666adb9a5823db854bfaf54d77affc451403,6958218.87,16559353.73,1.8563
0xfc09d8c9a63670702c2de876ff95608ab971dcd6,6944006.59,29939377.29,3.3630
0x055dc44976b2c1fa2344023162ae846eb6ab0f1f,6943170.61,7463051.41,0.8599
0x2db279e5e8d752dc0fc7de12829afe4b8cef4d84,6931875.93,0.00,0.0000
0x030c4da3889f135ae46febd29ce05053d58669bd,6929446.29,32897539.17,3.7030
0x2d8873c5270c64c66e831e1e359f88f9e81a91fd,6922501.23,9476139.80,1.0677
0x9afdabf77b7e56c1f7e8cb9eea191b5277b14e74,6899957.26,7822804.33,0.8503
0x5cdf46da16371230ed9dcb519e752d85056605ae,6878306.10,16716275.79,1.8956
0xcfd73d7867da130b20da492c583031782d63b449,6864721.07,11102479.88,1.2615
0x8324146852a37975a7100e156531d5503cb51609,6814401.97,12481681.37,1.4599
0xc63a4f1072374ab8b2abc81bb1f3bf009fd49565,6765977.47,7587568.59,0.9084
0xbcd4371f0a236b1eab5d0d5620471719f449451e,6764272.77,0.00,0.0000
0xa7393d2f073eadd425b254a60e72c464e8fa4c20,6760075.23,7333431.32,0.8679
0x588b530e0d6d5c15afd56012434752296d70b36b,6641383.80,28477349.04,3.4413
0xdd9bd62d1c08210fdda6f841ed5196b45a939625,6630242.98,12374882.18,1.4815
0xcf95085403e67b980c01dd4347b4adcf883e6843,6576030.68,10395382.11,1.2409
0x0073fb840b180776b6aec1a4af633c70ef40a5d3,6567983.01,7143838.69,0.8701
0x3b6df4f797925b29777d74127b891ad8cd8844ca,6492073.99,6853484.23,0.8445
0x53db19930bb0a817cb633248401fe0c1e6f38b04,6403818.24,9283183.25,1.1307
0xa971f820fcd1e0166d8bb64f254a8aed6f295643,6346428.54,6796527.81,0.8674
0x9c07627d108455985fbcc15863e15c0b07be9226,6304698.84,0.07,0.0000
0x9e14e0476d3fd47b43ea2868b1631bd418298e96,6281400.57,16582660.15,2.0965
0xdbd1bac81ad581c7198c9d155ca468f32a0c29dd,6207305.67,7704989.47,0.9339
0xa580fe412dfbc2754bf0b9006075bd4b64a6752b,6125493.76,2401195.76,0.2940
0x18c94f543ebf88ad7a1ad0d8514039ec1d9f237a,6093756.37,14816302.84,1.8965
0xdaf585a5869ca7c1c0b1b9896ecdf314668d3f55,6069050.50,10819121.54,1.3905
0x75c97a4b805f1ea755321664e0a4465739886101,6027504.53,10534111.51,1.4506
0x109578184cc1f5b96db95c65022532b273d03d42,6014730.78,7145285.63,0.8910
0x15b325660a1c4a9582a7d834c31119c0cb9e3a42,6002754.48,16475086.55,2.1408
0x0ea129c1bdb8f8aba308bec6214357988dbc3ff2,5999961.78,23022842.55,3.1269
0xafa8a3a41379dc0275ebdc1b6d6be97b878f7731,5999961.78,38784733.81,5.0420
0x3ee301d27fd556eca7aaa8c50cdbd461577c42a6,5999453.88,8344440.74,1.1266
0x43519041b20605093bfe5f922963e68f59e8ded5,5998900.42,20997211.85,2.7923
0x8fdc74bad4aa20904a362d4b69434a0cf4d97f43,5998291.91,13955198.30,1.9310
0x83704e750fd9c3204e1616654ae7a54563f22d87,5990385.12,11888657.74,1.6472
0xa740c1d26d690a34223b06d41b1268b2d0d7b5b6,5978565.60,9025240.07,1.2228
0xffcec675de3af138fc125737236f62200b668450,5931070.78,10205345.66,1.3937
0x0f922a15561dbad53b8f6ed25be18897e7c5c5ea,5895071.46,12134468.26,1.6187
0xd2a838a15f54bc813170e3aba2ffe1e53f242ec6,5855902.42,8050027.05,1.0723
0x0fe15b65136ab92a3f9ce83cceb9e0663f1efaa6,5814755.37,6840684.99,0.8823
0x96fc07d730b514d5318eddd94289578d4545505e,5808597.55,7782883.11,1.0451
0xb39c9e0e764b5c52e6cf4b968fc25bdd1b9678d4,5808012.26,7165317.23,0.9870
0xc5655450d4d738869d003b24b4ded842cea5af78,5723926.35,7003548.25,0.9177
0x0514f2f3e0277c47117e3f33d9390efb0acfbdfe,5706884.50,10023437.19,1.3700
0xead68675ecfbe8bfb5f7b7b039dd3bf48e27b64f,5666481.53,6074324.70,0.8040
0x51e49ce1f4ace38ac815cfe2cef14397cd9932fb,5649452.56,8898712.16,1.2942
0xd76f1c2764a5f22548713cde767b5b752170d6d7,5631717.36,8087102.28,1.1919
0x9a604718a23a01b649e316fd4942378709a8f865,5610245.15,14371128.17,2.0749
0xff8432ea93ce82ef9a8a7fbd2ed160ad9eda732e,5608844.96,6775745.29,0.9785
0x027580f5e3f4324b9141342ac7e66beb74c57193,5589146.72,9236960.64,1.3387
0xe3292ce7cbbb9b4b81119d638abaa2519e7a02ac,5549064.58,991553.56,0.1483
0xe71cbf47fff309813bcea54f3ecf49a5f129264d,5522459.57,13186903.69,1.9083
0x4127143a866bf5d8ad2afb6de8e63164b8ad5bf6,5516568.39,5983292.66,0.8677
0xad4618702998e39697e8ea5b6dc0103463cec212,5496706.00,10110191.42,1.4347
0x71c51b662bdd5d831b0ce0684505ecd3cdee1cb7,5489456.98,6524300.91,0.8914
0xdb34fbb4e7989c3f8957e9e9b346bf46ee0f0408,5478939.99,17608345.58,2.6032
0xe0800b2b28425d476bd115cd9e4c6522fdf3d286,5449965.28,13073208.39,1.8710
0xbbbc35dfac3a00a03a8fde3540eca4f0e15c5e64,5445631.56,11438700.01,1.6961
0x8a25d8c9fa8c7a726137f2d618d85cbc2c083f78,5413865.46,12468230.37,1.7273
0xbd8b59c17f0fcdb6486f4c604174eab5a8877c6a,5337183.06,6259327.28,0.8796
0x86c80d06f3c1638c2c87a1041005786c0129bfc2,5273844.31,8859944.63,1.3387
0x8aecc5526f92a46718f8e68516d22038d8670e0d,5198494.81,14607080.14,2.3322
0x49ae763ed846db9a69a639732caa320fad1d5799,5171171.98,8243171.79,1.3231
0xeb294e51cf2e5c3f6749252fc18d8e1b9c6bdd3c,5165767.68,10298520.68,1.6547
0x65859153491f44e2226ca6ae37347c855158a4fb,5159862.10,6493980.15,0.9439
0xc7f07bfdd7d6b46b31e850f9f7b28cdd3d26e035,5147548.46,7907004.06,1.2749
0x1dc2c9cbaa00e96291090c9749dcf95604929d7c,5135251.28,6180294.70,0.9026
0xc8af7076de5634497e10ebf21325da49cd5de464,5128929.05,10735617.12,1.6922
0x5299b53ea29199dd2b2231f73390fbfbd01938ff,5118104.41,5486486.83,0.8040
0x0156a98f1b82045c10cab22a0640f808fe21beea,5103793.50,6951301.35,1.0697
0xa149612889184c5cf1b14ee82ff05b6fbce6899d,5081843.66,7721260.80,1.2611
0x31078100f05988e15407aac745fcd141f9440475,5073120.11,12065843.60,1.9265
0x7b852ebc448b3638f971bac2c463db6578634f11,5065163.27,20267701.23,3.1506
0x9a6c741c95a138e6de1f3464a0ab6166926abfaa,5063344.30,0.00,0.0000
0x0cd7efcd2c6c68c1f7564893da024032b7ab1477,5001941.12,10885480.91,1.8063
0x657e21723ae99c05c9c2a6032343c7865bcb1940,5001791.74,8131818.00,1.3006
0x4789a334dc66b03b2a3d554a86cfd3959e88ab48,4999968.15,20552210.40,3.4117
0xa152677361aca6c5f633096c0d24fd0a1f2eb64b,4998552.70,15819658.00,2.6268
0xac860a0b1c178303a7f085f3842a157e91a241b1,4998552.70,17086680.77,2.6663
0x39d787fdf7384597c7208644dbb6fda1cca4ebdf,4998030.00,9383002.16,1.4494
0x2eca594e41cab2511855c5c0319e3ad4459b08dc,4993169.19,8737385.15,1.3649
0x8879ae6c281495a5d40dce8015bc3bbf7b109233,4985269.25,9256462.02,1.4804
0xdb6e9e7390e9acc34619e56efa48ade01cff6f12,4968908.50,9096839.41,1.4280
0x99f4176ee457afedffcb1839c7ab7a030a5e4a92,4944601.85,8907850.34,1.4351
0x6e1784b360f1becb692fcf8393a699811af90733,4939399.73,33007898.93,5.2124
0x840cffa2a3a6f56eb2f205a06748a8284b683355,4919135.85,5783580.41,0.9523
0xbccbc9fc2d1d9e9abd0ca132be816bd4f6051b86,4915403.41,8195840.42,1.2955
0xf0a3ea54a0497f60b0e16da289f006c105209fa0,4913907.22,7699467.78,1.2319
0xfb4cb868727d9622258bf2b26a8cfc95f6742669,4895475.35,11808551.93,1.9620
0xd9fd2a6f7127e23cc0a1187bfd56f113beaaea14,4879985.30,11059565.44,1.7677
0x1be8b8bd3126f919245e3664887b762db7546d2a,4799390.63,12978517.46,2.2308
0x6a73204db71f8e054bf9a0680b02ae96f700b595,4786158.82,5578228.19,0.8741
0x10314a9f673476f313a598778fea9cb694856500,4768496.68,6398811.83,1.0735
0xa4aca4f6dfb62681fc0ec4cf662bd19cca15ebb9,4753309.15,5256634.95,0.8847
0x1eb7764bc684b8ea2285b4ca431ad465f989103c,4747364.20,7669561.99,1.3409
0x892745942a4f2c9a0d92f461c89f97818d8df140,4737285.46,7015055.16,1.2291
0x98c3c0d704a99f7739c466c9d85d186d0d494945,4731239.64,5909792.28,0.9392
0x3ee505ba316879d246a8fd2b3d7ee63b51b44fab,4727338.49,5291875.70,0.8396
0x6ed3c871ac6aae698a9d6e547a5f54873b091e18,4726798.05,7132642.22,1.1330
0x83e3e8c045db446203d967e092172da7185e4bd8,4724817.28,6771878.99,1.1896
0x16f037a3ddf53da1b047a926e1833219f0a8e1fc,4721700.47,5080250.58,0.8607
0x93451c4e47a3aca9629add4b0b60707e3f19a15a,4650264.68,7408327.07,1.2426
0x2ff03db08891c0411b4b8434f28c64de428ec3ed,4649856.66,7367228.79,1.2865
0x2388dd8e034e466d1347bb98020dcf5a6dfdca9f,4639480.68,12355690.08,2.2104
0x5792158f2736f261b1e99fa5b791fc4c36a84619,4632820.93,9832873.14,1.5218
0xa45420a6f2bb98406b6c6a5cc1670b7c92407e2b,4613001.85,8002502.75,1.4052
0x2f7e8293e3f7ba8647d56a7d019d478794e1a0d1,4572318.99,12811849.76,2.1856
0x31a5074c519c35237648fa9080e2df87d217bc30,4572317.40,12811849.71,2.1856
0x6723f512657fb15858089704d546215913effef3,4571586.15,4910856.13,0.8594
0xca865bbf6a30c510beee0e6c2b500a71399e5f38,4540844.88,5097502.35,0.8981
0xfe6d5fefcf7fc762f700ae73810fea0cd7840bb4,4498699.84,12777870.50,2.2439
0xc9a4ced896d3e469b3166a482b35cba5020df947,4461366.95,9215984.77,1.7034
0x815f5bb257e88b67216a344c7c83a3ea4ee74748,4459183.35,6005637.65,1.0505
0xe7da19d08df73c9371080a14b8e6fdca9243e16e,4445409.17,9069855.79,1.6144
0x560fb4225020987563c8a3c0850e4ca3dc457be3,4444780.01,8032920.80,1.4490
0x0773ba87a7e1df71c547ee75b1fea7cd9749e619,4428815.17,9436656.50,1.7685
0x610852ad61eeba83f54006d88f236992e436e38f,4375880.99,12308180.94,2.2454
0xa7bec8049f39f3f9e6099153af732311ef46be21,4370703.73,4897192.12,0.8403
0x1e57178029f1b90bcfd86431f11ddb918df7f50b,4349947.98,5066617.31,0.8736
0x0a1518f439b81f8aa896113227d0ee17314ef67e,4340804.10,5315660.36,0.9763
0xb554b9856dfdbf52b98e0e4d2b981c34e20e1dab,4313837.41,5262951.97,0.9760
0x5e0481cad8bff5453635f4770f44b2194ddf6e02,4283497.86,7802328.96,1.5118
0x9996623cb9ede69562537a08d08d606d8d098b9b,4250526.00,10248856.44,1.8593
0xc238d8f8064322934f82200b1790ec83a9dcf485,4227116.33,4530329.77,0.8038
0x91bd6fe7087e50af776e454f7948742da9b058a9,4218557.80,4779891.69,0.8498
0x0ce753a5fc611abb0ea4876d5b894ff56ac2d56a,4198784.27,8716522.26,1.7230
0x2207ff1218db094a719e9af5bc74036a596787fd,4189473.45,9377558.79,1.7459
0xa937f63ba1d69fd7e022fd50628b6d8fcfbde52d,4188836.91,5986614.10,1.0719
0x60d66f312939fe938c963637fa48700b0129f650,4166245.36,5288847.88,0.9521
0xe05da47b1606f0b13f54562b43fdfb994316bee3,4114801.90,4336633.18,0.7904
0xa5a9b9ed4175130a8168419e427f01f655705c41,4105631.03,7776351.76,1.4774
0xe56a192ab8571628ab1ade27dfc2f0cf47221eae,4060404.47,6570212.09,1.3220
0xf195e5f7f3562805cf50012bf16f2138760a3b52,4059783.62,4716362.39,0.8713
0x733e9e4d5647fb3e6c02ccaaa29dc7cddce9f66e,4052519.92,4358014.22,0.8603
0x2de19e81525fd5d74c7cbbbcca585807a9018c40,4051624.14,13789535.32,2.7568
0xcc997fe9fdd5957ca3060af68318f754d75016d3,4044094.58,11644386.47,2.3323
0x9087f0ef2a79f67171bfde8ef38418180338aad7,4032987.75,4423802.85,0.8775
0x645e0dbdb5fc2594b8913d7d7c627afe250ab550,4024539.29,5296801.03,0.9888
0x571da526384e407a72c5229163e2824be56044fc,4015437.04,5963593.19,1.1584
0x70fce97d671e81080ca3ab4cc7a59aac2e117137,4014842.85,12489323.84,2.4264
0xaa2461f0f0a3de5feaf3273eae16def861cf594e,3999974.52,17553061.40,3.6347
0x526e960225ede1d6e5ca9d140cd7d074e6322783,3999468.08,7477882.79,1.4584
0x6ea0088cae8eb6e3d9cb55fbe43e6d1b669a15eb,3999379.59,6765167.46,1.4040
0x76be51aa94fb1c9632107349aab0488d878e4395,3989720.92,8019992.54,1.6673
0x407c5bf6c5d1efc6aabe6a7fe5107837dc65a0c8,3935488.18,9237723.56,1.8309
0x8cb4250518ba9f9a351aa35088c4412b80b64c30,3932568.42,4183040.46,0.7978
0x14b7ebc9ce7ebcd2048be0e0607abc628b0b1f1a,3927635.62,4250443.32,0.8658
0x1cdde20fd300c95427819be44a4fdc8c537361f1,3913794.33,7983065.31,1.6794
0x39c66b35a98e82968944d2e43b39050e56c6448e,3895536.88,8074203.34,1.7203
0xd843412740c6767d3596e5838b6ea1388759fc61,3892300.63,7895017.36,1.5821
0xabc39c4760c20dd3664213b4d50513838862598d,3840610.77,9346460.10,2.0199
0xfc2a0f6fd177c8bf40d0fab7e6027d6f290ef11d,3821619.00,1529183.05,0.2935
0xf93457533efd041d2a5200a82cca718fcdc42103,3812947.19,10469788.29,2.1418
0x0863b4b79d561d328e96c7b5b78c8c884f0dead4,3803478.28,7830800.11,1.6516
0x0d402f421baa1104320f2054074deff1de1bd1ba,3800023.48,8046528.89,1.5234
0x0b5a6a15b975fd35f0b301748c8dabd35b50d8c5,3789424.57,5272676.97,1.1549
0xe4bbe2f185fb37effc311c190d0db2ec8eb46893,3763668.01,4920095.67,1.0814
0x9fa66e265939fd2a8000cfd341a745ecc5f28a2d,3759751.92,7354678.76,1.5258
0x171cc57ca8633532a597ed7056a9e4d380995370,3722906.73,6203042.21,1.3457
0xc9aefca21844fdb3fe8f58d883f908991d757692,3696524.98,11052257.29,2.3480
0xc25d35024dd497d3825115828994bb08d12a3aa7,3674649.93,3995513.91,0.8698
0x4d43aadee75419a4535400dee43690b5fe8c64e9,3667376.45,5394675.07,1.1915
0x0b32aa5c1e71715206fe29b7badb21ad95f272c0,3597811.59,10233709.19,2.2200
0x337132ae95a795caf32a28ddda9a66646b6ee01b,3587295.65,9087836.41,2.1027
0x6833df4e1edb361a04491349833c83a4868abcda,3570249.07,6677033.05,1.4587
0x898a5bd11601fd9101da787c88efe8246e96dddd,3569239.55,3760776.58,0.8429
0xf76d0835f76aa8f6c041f5f5885b13c374ca2dd4,3536159.02,6040983.61,1.3325
0xe5d31ab47ae9b1336dbd7a20552b4f12796c5489,3535578.83,4811196.18,1.1295
0x2079c29be9c8095042edb95f293b5b510203d6ce,3500716.06,11299767.20,2.6791
0x34669322bdfca9e801ca334e7b0e6d69d1f87137,3498986.89,5649877.86,1.3402
0xb4d3bea9d824c4dd7ded7ccc93e6212e3f0b186a,3498986.89,85439701.83,20.2673
0x64cd3fe6a08796f8fa77dd09140ae0f309f79812,3491414.86,4783502.26,1.0800
0xa449733b3a6d26c664afab48e561c8f88bb6782c,3479454.26,3722973.21,0.8025
0xf11f43fe9cc29a6abb98b0badedf36b0bf03b3bd,3474509.86,5671773.79,1.2733
0x4df0bd70dc9ad30f5c742a4bd2c0ec1b4b1af965,3450437.45,5809152.84,1.3974
0x9332d0ce5d45184515e0ea85bf9f4af09cbf10af,3449614.06,37945149.62,8.8998
0x757db7c1d65b1d3144e2afb3de8aa3d6ee87594c,3447408.34,5672670.55,1.3658
0xddb4c8adca21fb042616a6e01bef07de956946f2,3439004.71,9223426.41,2.2261
0xbf16e9b0aaddef8ea03ba2c599a9ebf287277391,3434080.39,6019515.48,1.3672
0xa4111a2905b38377f0eac186eca7686a12ff11f9,3425083.78,4018866.89,0.8800
0x249eb5069256154162735f5e48e4a54672c82914,3408066.23,13358120.50,3.1085
0x10f55124d18fdb27acce089160185f716a7aebd7,3399015.84,8209266.05,2.0046
0x826f277664a350addcd66ee6b7b3d1a522ab3cdf,3394490.30,3709015.04,0.8741
0x5043f27bcf64c21992294ff882b4bc16042e8083,3382633.19,8719498.62,1.9891
0x11ec133ec18d2a7ecc48898c84e4395b961f1359,3382542.63,4777632.49,1.1017
0x8bffe4024468f434e164a805d2f944c307f3628b,3380839.01,3957999.06,0.8780
0x6fcfb789a593762557177fe9548e44d166f91ed4,3375601.12,9313524.34,2.2348
0x8ef2f341d145d22d0b5516dd54acbdd978053630,3343743.43,3818043.67,0.8564
0xb81765a9c8c2b91007a9b3f431c880cfb9b997ce,3322481.46,6921952.16,1.6301
0x4467e0693152b06bbe71d0464c00d02f212cd28d,3320880.15,3633630.41,0.8753
0x38a3f675970f85deba1839b5d46bd9ef5d3214a9,3298612.59,10143882.47,2.4862
0x5b77fff51e506f3966a323ea0d52afd827699bd1,3297365.34,4497747.68,1.0294
0x984292bfd4efa8104de2c568f4a9842f2d887290,3272977.51,4151275.19,1.0228
0x37fba038dda028276bcfd832fee9d8729218ad4c,3266251.29,11819742.40,3.0036
0xf6cd9e8415162c8fb3c52676c7ca68812a34f76e,3240761.80,4602938.71,1.1789
0x02bee1a4e0303d389bace558cf3ea944b95994f5,3240676.46,5312111.21,1.2786
0xebc43f6d73b657c3e4824dce4cec55dcd59439b0,3230212.76,9785582.96,2.3629
0x427b611fa78cfaeef218a9cf0add61d8dd9d8cb4,3217058.59,3420156.76,0.7973
0xb291f15266a525d389a467af383041753fba007e,3210608.93,4708910.26,1.1857
0x62c7d15dc4268ce173cb9398d3ceb8a22b85d1a5,3210188.28,4174423.23,1.0533
0x18d9097791f4983553670a6c6a251fcb75882615,3206511.09,3413484.05,0.7984
0x46e4f1ec613faa131722fe26234b892f0a7e81fc,3199226.24,11004251.10,2.7861
0x14bcd9da052cdc6fe0b9446d5a616d5b7b4d4550,3197989.80,4326103.84,1.0552
0xceef57f6c40a7cb2392eaad101ee0440aa43ba42,3194938.12,4876311.30,1.1905
0xb0809dc7d52aa1112dccfe33958a50186a952ba9,3191867.64,6120616.23,1.4957
0x0d18d7c855668eb1ba06005b199838f38e00d7e3,3175293.67,4654242.05,1.1469
0x5b661b1773d0e442261be0b0df8a6a5863e75083,3159197.98,4253243.23,1.1174
0xea03e659a2e59c3715c6517afe58541be162161a,3154748.32,3465414.09,0.8239
0xb2c9cb778a3b995f30d1dadb66d1f12372decf17,3152024.70,6869927.03,1.8090
0x69d60ffeed146bd21f7d81dbfdb9dfadb9dbe9c3,3122377.01,5545850.92,1.4742
0xddf6b5699b0c03382d9b45c8434d206890985e7e,3113174.19,5138382.61,1.3267
0x7c1593c39b048bb19e255679ba8505ac7e5f4d12,3105648.08,9273189.80,2.4324
0x601579066f47a1c42796da5678ee4a32e6240d51,3101687.71,3780913.58,0.9142
0x7cc2ca053296ceeb6a865d11eb7b15d8bcbf45a0,3080376.64,3465356.16,0.9005
0x412b9f917ea51238371dbde84a9d81b2807b72bc,3070319.22,7065305.91,1.8330
0x16abe651d7705c59728efe5ce306cd81eaa16a3b,3052239.45,6548660.73,1.7100
0x294125ebe0a93815a68e0165935c521275e2dc1e,3039254.94,4523700.31,1.2183
0x63265e50ff8e7722ebc40034700e86b0412c900b,3036666.78,5381409.62,1.3850
0x10e2e0657b9306fc12e1a86ca56935a8c5cacceb,3033982.42,5327865.53,1.3697
0xe3efe389b8a40dbc16a92e88c34534ddf82d8be4,3020519.59,3201288.92,0.8479
0x5eeae9914daede53b3e770c3d58a59399fbc4af9,3018562.70,3360526.02,0.8906
0x24c1abdd4afd314747bbb1579a1e95dfc40ec73d,3015647.64,3369331.88,0.8938
0x3ecaea0955a099afda83e3545bd9bcf40b85f381,3012482.42,3277162.02,0.8812
0x42283fa21d5642c1744c2888f041ddea5d79149c,3010754.32,7843925.03,2.0321
0x2e2b6070bec9be9f50887cfe306ac6ca93002fab,3008460.08,10808269.49,2.9669
0xc367f7e88a5684a7712c29282fb41765281df68f,3005680.68,10585326.12,2.9231
0xcd5b8d59c614bfdf4c9df6864c8a426e093a17b4,3001146.69,7108588.22,1.8822
0x1e110343ed23533c5009f1786038616279a66677,2999980.89,9974327.08,2.7596
0x09d0d815cd6cc2ab86cf61cbdd5aa14ac0020866,2999131.62,5700347.11,1.5776
0xb8462cdc4a214694b029870448cfd32ddfbd05f9,2992654.65,3304516.55,0.8834
0x68e7e72938db36a5cbbca7b52c71dbbaadfb8264,2989742.23,4098640.49,1.0693
0x54be3a794282c030b15e43ae2bb182e14c409c5e,2988732.56,4187283.09,1.1122
0xe0af41debfecaff241b2b275541344d9fb4c30af,2986912.97,10404348.20,2.7170
0x6249099e4a2aacb70621c432d537fe6bbdb5251c,2980304.68,4329413.57,1.1378
0x6dc12064abf4ae32b28749b124063f601ef3fd9a,2974587.39,6200259.94,1.6673
0xd2ac55ca3bbd2dd1e9936ec640dcb4b745fde759,2970334.82,5915625.42,1.5534
0x64f80d81f4ae9858a9e92dce8d19ee1686cc8e04,2969888.42,5849187.17,1.5137
0xebce5936d8bb62a1ec7350e17ccc559d0394fddb,2968930.06,8346051.78,2.2004
0x144e9c479ce1a6a239579b19960a34a244ca981e,2954778.37,3204587.14,0.8676
0xbd32ab736f4db0a1b0a8454946cf956cd0254656,2951117.24,5281957.72,1.3961
0xfd81b27d9796a1ba7d7171ea70010c9befb2a62a,2942609.65,9207594.70,2.4514
0xd7583e3cf08bbcab66f1242195227bbf9f865fda,2937940.87,3203638.49,0.8723
0xdb3571851b7a29083c29bbb33ac89a528d87f7b9,2916251.81,5556648.98,1.4862
0x665671de9ac530d7bb982bc440be9741d25c3eb0,2912646.68,8625336.16,2.3987
0x0c0abec98df2f8787ddb83759e30524e15406595,2912475.68,5478853.42,1.4973
0x39d2ee127ff65c595648befe1bb45aa59d7753a4,2890001.33,3346294.68,0.8684
0xb96485fde57144324781a7abf9da12866a94bde9,2867216.35,7502578.52,2.0410
0xc65b975d471d33a83a746bb69fd72a84b57adb93,2861065.57,4417762.34,1.2044
0x12aec257cae91e6fe63d8a265688ed872cbe0e47,2854495.19,4861698.67,1.3864
0x982ddd0c8d1376bcf319e42d7d70dcdd244433bd,2846837.01,5438027.67,1.4900
0x4c9f7207be28278b9dca129f2e211acfff48fb01,2831008.81,8583397.86,2.4894
0xe5a5901bd4f22ebea7d2abfc842355eba0aaa0e4,2825215.53,5229651.05,1.4438
0xfad32859e65dd2d0007d093468d1578278041d18,2814703.36,4539864.42,1.2901
0x6eb945cc9e5b59f9561f2a1cde54cf18dd81b64e,2813289.21,4595344.16,1.2251
0x99c04ae385e3c247d8af67b193357b79ade10cf2,2807219.55,3021137.16,0.8610
0xe154ee67cc3b48ec5b5e597854b9fa1c68bbfdef,2799692.18,4324138.91,1.2047
0xdd38127788f0247ca387717f9e5ba3ce66685b7a,2789539.72,4102610.88,1.1472
0xa2e438cc6daf4e978656d1da11d056524e37a0aa,2786719.33,5167154.53,1.4547
0xcde24a1923d3657b808d66b9617b4dd0c0d6c0c2,2785320.38,6183892.06,1.7317
0x654d8677a6a3776a70f0d453b46cf6223ad52686,2778777.40,11872964.87,3.4609
0xf44431967d8b3ae3a2a994ac9fcc74a8d35f9156,2777293.43,4694455.19,1.3184
0x8e51a91ffa872d2cb9651f5bf310d9c3357716c0,2772611.85,8744170.72,2.4599
0x35f0686c63f50707ea3b5bace186938e4e19f03a,2765752.53,5176262.36,1.5200
0x508e41dd4fea917012eb6578fcc177ee3e05fda8,2757830.22,8708821.10,2.6210
0x93a72b6cb640120ceabf3948506b16a96bbd45e0,2749372.54,5792111.88,1.6011
0xcf487f0bbca7fee1369617c393bc29d8cec03874,2746818.87,8610952.08,2.6020
0xce1ee57e8de511bbc11c5bcfc4b22efa062f8bb4,2703101.88,7917829.40,2.4180
0x518d5c9bce6a247b08b4f8354ca16d1378640c83,2681753.62,3007108.00,0.8971
0x35cf0e0d31e21c6ea896944b8d3ca48ca660bd6f,2673348.07,3922954.89,1.1668
0xe16c2a4666032e27b22818c1c7ac7fad1aeecceb,2668340.95,6301570.78,1.9601
0xf8e4517dc4fd4bfef9903336adb1ede20803430d,2667015.94,4459082.65,1.3190
0xff8559f5f4c7c677a1d958313b61dc8b31bb7f47,2663668.67,9707984.18,2.7818
0xe7af87c6c6ec02cc7ee98c3adc555e4231dce8f3,2660610.81,5786443.56,1.8051
0x26ad4f84cd20102c4a7fb9d14bd2661a0d66f96d,2654914.47,3552606.07,1.0437
0xc7218ace51373b6716b7ff3aeb36fbfa75f2c8a7,2653623.39,3757368.04,1.1469
0x7df25ed19086f00e0539c7c9a2a6234e0689905e,2653004.66,6462931.02,1.9732
0x738264d3a846d52d401dda048228d9bee0ffdbef,2650926.04,3021433.06,0.9123
0x1349be152879937339ea7e4741d84a2ea1483f96,2625664.06,6811002.08,2.0233
0xfa086057948378ce46159aca92a4455c58ba1a46,2623895.38,3056087.76,0.8735
0x3bb3892ce3f41a783c8def2ef3b022794a2306bf,2620906.93,4988399.27,1.4846
0x13939d994b1a27753de29adddb56d175e846608b,2617762.51,8716123.33,2.5971
0x10098de28ba6928186954fcc18ad919040600af3,2606302.36,4839200.88,1.5040
0x5dc93e0046436eadfb72f6491e0e21594b1f3eae,2599247.40,8192322.89,2.6160
0x82d5d7c66e0fd623ceca1d7ea34fdb8132002523,2590955.62,21470616.87,6.4892
0xbcd421777df026978889274b98a3bef4cb2c779c,2576707.19,4338014.72,1.3172
0xfd93166d4737938e2a2b2e9f237c03bc12a09e0b,2574016.39,4538101.16,1.4633
0xa470ca0a3e5ff250cc8612b62f8a0703f92deb3a,2567875.28,4232625.28,1.3681
0xc2c89a0216d4e2722d40e90a40bf6e483bfe7f5f,2563786.53,2786592.35,0.8695
0x1b72bac3772050fdcaf468cce7e20deb3cb02d89,2563118.29,6198165.75,1.9000
0x0913ad33a83ac434c2ef2a0a3ab2a67ee706288a,2559803.57,4357746.65,1.3279
0xe9670b472796db7f88ca9973f58aed7889fbe424,2543696.60,4553232.28,1.3962
0x4a48753b1a184e7eeda58b56797c43303b06e790,2540401.24,4804996.03,1.4753
0xd0b8dfcf9da999db981a60a8da6584e8e52b757c,2524222.97,11207898.31,3.6853
0x9f985eafe393958fc43b4ab6dba85e768dc47e0d,2523977.56,5231554.81,1.6167
0x670fbcd11fd54908cabe97384f0d2785d369dcd5,2521827.10,4357560.93,1.3478
0xb12a9d1bae6a2220936734792390f5ee5cc8a3e6,2516872.52,3657807.92,1.1336
0xc9cea6df3a736846c5b610ff342836838ec1a84d,2507493.01,11730176.88,3.7651
0x28b41cf49c00fe3787cd962feef93238f569c77b,2503756.29,3808369.33,1.2625
0xe81d87fa302e663400dcc2110c3ffb7774288ff1,2499276.35,7712083.63,2.5612
0x55b2c8d9d150cc65b0eff6d18306c2881800750d,2499151.84,3578264.58,1.1168
0xc93d036c58c83811a82fb98feed8cac7a942a110,2493813.45,3524315.77,1.1023
0x28a5ec068ae7500cbf21b989d62c7a81e2665b18,2492741.49,3628289.13,1.1494
0xd2b2a8ab7a8c903501f4db4ee45c67522a4511ed,2491591.64,7718975.07,2.4872
0x58817eb46bf7075bdf00ad8bd6c2ac731e9b045f,2491327.06,6747685.97,2.2260
0x215f7e305d732edafdb147c233211458f2d0e6bf,2476770.31,2739894.13,0.8850
0x554655c3e743abe133e9a0d395ca5a09a03f920b,2442221.33,4924418.09,1.5728
0x2dee72220b4aeb3887117e566dd85de018307646,2441004.73,7656985.57,2.6036
0x2b6d91d5c378f3ffbeef113a5ddcb98b5fac1119,2428398.00,4728841.89,1.5681
0x106c1059ef92769fe5e52cc736a35ee09b3e238c,2413937.37,4501863.22,1.5479
0xc3fdaabf3ad59096596b68408d4c152b4240725a,2407458.51,2559328.71,0.7973
0xa42533a38f1468162802b3549c4b4e3d5b8b5f89,2402756.19,3876981.30,1.3393
0xfefa1c66ce1522efbb0d5189ba702e76e6bcaf3c,2402235.54,4375521.57,1.4600
0x7a79969a0b9d51d922c4810d2950560360f6f234,2401163.77,6775715.46,2.3421
0x595362a906a0b4e90aee1430b1f80fdde2be80de,2398278.36,3845336.48,1.2411
0x8066df51d781595c29bb3ce3d359560b9240e559,2394080.74,7023303.28,2.3294
0x7613bcb077bfe7781ff11cc8eb0c9271a056de44,2377436.94,2970789.25,1.0371
0xc11870674d97e2aca91f57a519af0eec38c03976,2373859.28,17702699.26,5.8167
0xc40bcfd976d87e382e5877d6e7e8118342883b17,2370080.75,3884894.06,1.2785
0x346ccfdee95c7bd36b60bfe028d0f40d3517f22f,2357981.30,2569252.16,0.8717
0x2aea39e27fc87de4a63963687c6e188f062197b4,2347801.30,9500422.47,3.2164
0x06b50641cc4c6e3a08903052ec86d4d770f60c36,2342537.14,4301509.97,1.5241
0xd8b2a759690d5068efed3d6088bd07b54168ab08,2338716.81,13623606.35,4.5814
0xa9490f0c8d46e01c5b11bc333eb7df608b9122af,2329196.67,5802989.37,1.9433
0x99ac3df9f61e37b71932d9b89e5d16f42eed2c96,2323549.20,4050419.24,1.3775
0x671730450c132914662dfa6beda90f8a1a4cf84a,2322633.02,2613777.18,0.8665
0xd68b014618f9d556c7563d7339893b7ce2283fce,2320901.78,3247352.93,1.1218
0xe0ef6f6fd0732810b2d5d747bdc5ca1b3cf19865,2316764.50,6169081.20,2.2101
0x8494d3428290b903eb89bdf703fbd04551bd4412,2314902.27,2663228.15,0.9319
0x4e8f8b13d07abe0dbd49d613f97b45cc45ec40e2,2314532.40,2793427.17,0.9052
0x4f0aa5900b8292273b2f9a178d5468f8048bb9a9,2312099.61,22011654.56,7.7603
0xfaa617c252e9fa8616e57ea960119176b897a911,2311486.13,4704054.84,1.6086
0x65cdaac4aa7f234124f5259247e7d8f5d8292502,2303585.71,3337829.08,1.1737
0xfb74196eccf35a260dd5cfd300baa37ae058b6c0,2302772.17,2672014.57,0.8703
0x20899696bcb449f50bc6fa1f9fc4ed2ba29f5afe,2301164.66,0.00,0.0000
0x1e5d299776be8114fa991a37b77ee09bbae45735,2296776.52,3244057.33,1.1017
0x35bb437ff8c48a68759514e43d360af823e9504d,2292230.51,2592531.17,0.9161
0xfee5be290d4a1a50caff611389ba2120a4095d78,2290827.40,4637877.85,1.6194
0xbef34816b76fa0472f57bedb8c08942513f106f7,2285214.89,3795352.82,1.3276
0x338a07cf3e117d446ffbd3bc4a60787f892be222,2283021.80,9084820.77,3.1039
0x670249a5206420d7dbed1b42c4555ad0f75115fc,2279725.71,2460854.48,0.8959
0x6df94d0488f79b3c4292d0955828fb9e6d7b614a,2266716.53,3571722.40,1.2606
0x24a5b77a4d600f04cd2eb000b97968407203d082,2253849.00,3044187.86,1.1210
0x27135b2dde0105e23f896159da6499ce1b27cf09,2235089.10,3273245.90,1.1440
0x3ed451de29d8a2ae07c7d82d21b6084f64399147,2233760.88,4460000.85,1.6028
0x0eaadd8751fa4986b115fe354deaab283084852a,2232181.03,2553082.10,0.9493
0xead9623a385c301b166f3740a2973d05f1d190dc,2221980.08,4559869.12,1.6351
0x7a47cc409047521932a742d24ff634a60a25834e,2219840.50,8077727.92,2.9475
0x167ec339e5539100bc453ac349f012e194bf85a3,2216549.82,7625351.21,2.7863
0xf3175f028845f4570d0fb1643765f5de24400e86,2215850.26,5062113.94,1.8425
0x3fc4a4cb4d394d25207d65c437fc8a5285336a7d,2207313.52,5552674.09,2.0279
0xf6335f7ed06f99d5596c153f9242ee4b8e09ef59,2185175.99,3926677.79,1.3729
0x2817601bb438f48655421f4a43974b40ae20cf72,2185063.09,2442417.27,0.8942
0x4269643d7c8e7fab269e51853dc7e7a0cf25d0d8,2178529.98,4749642.90,1.7006
0x6b040f5f255c02323e9d6873f7276969b396c4e9,2177553.77,3116956.56,1.1594
0x75828f132030b6686a1e5ac017e96da20c5cd540,2177306.68,6642539.63,2.4322
0x063adacc01db782093d0310bf3d5755d2adec424,2174809.51,3585686.68,1.3305
0x3297b54349170973cdef5a8a07b47f2702e11068,2173055.24,7431656.41,2.7864
0x0307b44dcda71b09f19a24127137ccc0127a57e4,2163768.61,4174361.80,1.5485
0x1fc4a9fe96d79011dff2e5f8f50271c70db994b0,2162841.71,2777329.68,1.0401
0x8aa375495029dfd74ad86cf365f4fe96828f4981,2157905.87,2478136.10,0.8613
0x21f7cfa4fc40fb9f1a68e9e7eaa92375dd7e163e,2156571.62,3622009.72,1.3940
0x5c9f75de55b0bdab54211978177f41714d9e090f,2150260.30,6359802.24,2.4529
0x864de5bbaf4b8c808e94a8385b95b0855d170137,2147498.42,3013907.68,1.0526
0x1879023673b998ce95f8d0dd42499380ced18bee,2146315.78,3775015.64,1.3719
0xe222fc0620334bba080b9379004ad7e983f0a820,2141848.37,7870645.46,2.8663
0xcb954495438b23e792de53f1352cafe20e14521a,2141031.43,2834182.04,1.0787
0xec974e88badaa080c3d43a2680f20506f74f8559,2136515.57,3109336.26,1.1352
0x36756db0feb879f2f9ade7df3006df5c2dbaf5de,2129403.83,3482821.28,1.2906
0x92bfb3bd9a4f1d0480dc513908b56d6c730e0ce6,2115568.00,3028632.26,1.1381
0x966e50f3bf6b559153d374298e39eafa458efcfb,2114599.54,4491331.78,1.6567
0x2102a31cbd1250f6be28f35eae0d0ab1e7c5c023,2114067.70,2344428.26,0.8317
0x0076812635dd5acc88444bf4d6ff70b1b95ed79c,2105142.66,12217098.47,4.5267
0xefa0cec595a2d8d2ceef2cf9c6c419272c3bda23,2099986.62,6507239.43,2.4170
0x94aec6a2fd64b63cd501960e920a4d5562d35d40,2097951.92,2289638.25,0.8840
0x799fdb02e49c5b77fddb4b271adf11bf42dca586,2093664.33,2647911.45,0.9485
0xa68658704ae5f37284e93ac91a7fecb1c858dbed,2091651.72,8568280.38,3.3684
0x1c34e31a7d506e287d1100512a31bbc3d4a1f25e,2089160.86,2248376.13,0.8717
0xee23dc9140e42a6684ded0ba209d000756276198,2088364.19,4101202.96,1.5472
0x61b63621ead08c8fbe167e005cbdc82796f954f3,2085810.75,3472214.83,1.2985
0x436a85d2aa1f90378e116d0876a652944e5dfb06,2082926.86,0.00,0.0000
0xac0168b4fd7427bfd616e3a47fc05dd8175d5b64,2081655.66,6008061.63,2.3250
0x0d6b672feab312ce817b689c94e87ba4f0eb56d2,2074718.29,4108494.66,1.5446
0xf4b71fa8d983f16b83484f05838aad4ab3fe3918,2064305.91,5649760.64,2.2454
0x8c6aa32b1fbf7746d46ef2c18871633f896211e6,2061281.31,6870042.79,2.6078
0x11eee2e0a613af4f636e23ff295e2dac6a191d1d,2060508.92,2880531.16,1.1600
0x8f5ef1b8e357a81a7e0cc270a46af730005a3cb8,2059040.31,4444890.85,1.6838
0x60f7a8117a4c45073c9163fd805a8a33cbddd1ee,2058017.84,3673350.07,1.3922
0xdfa8ee9ff8798b37800f3ab18807273d7caaf1b6,2052498.73,2876447.05,1.1211
0x31ad853b9584f909c7b4d413d1e9fc7c125995bd,2049988.99,6029118.29,2.2940
0xac1f6159527c49f14ef3f870435be74d3a7bf553,2043389.84,2025499.12,0.8224
0xf15a426da067629628b9ac369f8908e89a133239,2041530.78,2255748.55,0.8839
0xb6d2e0b2db5731d4103d7fdf223ed3917cf402e9,2040119.65,4798484.74,1.8346
0x2696276e2bcb087eb59eb0e0277b971f33fe356a,2038636.25,5176975.50,2.0528
0xe798a9404143f1aba9d751e2454cb5c1a573363e,2033650.75,3683000.51,1.5032
0x583c34ba0b0b8345e31dc7d0f8f4534630b6d79b,2032853.12,2838406.12,1.1589
0x1f9bb27d0c66feb932f3f8b02620a128d072f3d8,2030882.89,4012183.67,1.5933
0x05ccdedfaf0603cb6753f3a80ef2342e104113f1,2022303.63,3040394.70,1.1727
0x15a954001bb47890a4c46a7fe9f06f7c39ff3d68,2019399.01,28606502.34,11.4743
0xddcefd4578d4311359ef9f0ba826814f314055d0,2019180.48,3417228.22,1.4047
0x54a1b5c470fdcf516b84a495b4acdf800b6f734e,2010857.24,4386353.38,1.7014
0xfa89d49a69ac1bde8f4cbac48aa50870fe47341e,2010758.74,4093986.62,1.5881
0x8f261252549727859f2bc188de3c3da365723696,2006920.72,3373489.92,1.3111
0x0d40d9578e1d86abdaf7ea02d0c53d53cba320bd,2003797.41,3471987.86,1.3934
0x0c50c7a7af017dc050e8a3a917c73d236ff9a6c1,2002134.98,8493353.38,3.5210
0xfd1043098584cbc763f4d2460aecb94dd4b6fee3,2001831.12,42179997.50,17.4887
0x88d33a5aded3981b03fc6fb40700e3cf0fa90e3f,2000175.86,3932828.07,1.5337
0x02eca8cc78b7d30c1ac5e16988ed2c8a9da658d6,1999988.07,7220315.25,2.8165
0x3dc9a881fc9cc64730ae52b0ea9c3917ab901e40,1999987.79,2292056.85,0.8595
0xdf81987465681d0515058fe0a47a3bd174012730,1999587.96,0.00,0.0000
0xaa2a33c424b92cdc042e40c522cb48e586e83026,1999577.34,5108739.22,2.0299
0xb5e6ae546f5e8c75f19ed89a1ca032a5cb8669e8,1999421.08,18080048.38,7.5054
0xea1feb9a9a006a7fc253c6ca87349be0da072f25,1989972.42,7623368.25,2.7658
0x98f355b12e41dd51090339bde6e23370086d008c,1988832.57,3513629.32,1.3801
0xcd566ac6c9d0222f567cac8785fff764c5d9acc1,1986052.51,2156945.10,0.8580
0xc59a1a2ed72eb7b31b8eaedab1f6f8d8c8881365,1979439.18,2156414.90,0.8715
0x0edf985677a7208785ba4dead98bd2253f1324ec,1978041.04,3838841.77,1.5297
0x7633271e6e00d6a2a0788f9ded6ea0961b2b63c3,1974207.76,4382747.95,1.7316
0x8a8feacc614fa4b59cc2501f680c28e98e57bd14,1972651.62,9439134.74,3.8087
0xebd8270f0ec3ffe74f81e144c4970ff1d4d02bbc,1971375.44,2490367.24,0.9474
0xfab10aa58bf87a3499bd5b603af8c442fc48cbac,1968955.07,2186584.50,0.8329
0x5eb8ed7b09204437a009e75805d3f2a2f72cc6ea,1968464.14,3456805.02,1.3698
0x793a3e8a1f0e19719bfa39288436958bcd475dc4,1965672.12,4982404.46,0.0025
0x3dc606ce9cca12196917a3267a8ae7008e018958,1963718.60,4682832.80,1.9331
0x45371ed1b5cc92048a036f29914e78659be424f7,1959156.56,3968929.12,1.5983
0x680faa50f0b2efa0059c517083f54a57637ab3c4,1956802.55,3006519.63,1.2457
0xe09dabd0acdc70be4603662eb06df44910b6a6b6,1955511.34,2808395.59,1.1202
0x385802026a6fc069d5d88386c261feef28e70377,1953821.79,7387138.21,2.9224
0xb2a2891fe370c762836c7bc53a7dac555c759235,1946976.98,3549419.83,1.4273
0xbd9735586542bda865a3197ba5aa1325e1c8f31a,1942557.58,3054514.98,1.2737
0xcb7329d618d5a399750cd61081b8f2edb5718958,1940559.87,2891417.23,1.2367
0x634f07a674f75a0973b5d7f6bc3809cde8367cb8,1939439.42,5928411.02,2.5371
0x51b622bd9a064888039e87783b30d2983253949c,1934660.16,2578670.39,1.0396
0xde604c63852c51e6d22c34d1e4a1698f6ade9288,1933435.85,5101434.26,2.0769
0xf3b7cc70ee5ff4a767a51f7b7e05dfd104e52421,1930341.30,3751485.97,1.5463
0xd6f4c413639f46c9564efe0c8790ce0b957de427,1929783.61,6734919.50,2.7222
0xe2641e5de1adb81916035ffbcc3e527a94b9300f,1925622.26,2933239.54,1.2394
0x99858c5f2668a972419a4c6be3870f988cdc25ed,1920886.45,2119461.02,0.8852
0xebb17994ca5a36227e98fc8ef96d4094f7d5bcba,1917155.76,6139861.48,2.5941
0xae57cfa7e6067399431a52fdbafa1aa6d2c91f23,1916655.37,2046928.26,0.8010
0xfbb06930da94b930721bb3b2f27eee3d60c7f1c4,1913710.44,6100898.42,2.4866
0xcc21a074c737a94689a8743966743f643d141b9d,1910133.62,4233547.84,1.7326
0x298a0f3a0241db28b7f4784c4f344fe55588c838,1903048.96,3275851.16,1.3897
0x36cc7b13029b5dee4034745fb4f24034f3f2ffc6,1900354.80,3648064.83,1.1326
0x41b63d8cb372dca72ac9cf7d6b894d262788ce3b,1899511.95,2353204.54,1.0282
0x11c34d9c67162dd21273e8844c831f7b182026a6,1889737.12,5355586.95,2.3025
0xdd95ec6c5d119a90c442ecffbde858171ccba443,1886167.43,2817318.95,1.2307
0xb5d235c27bd7741e2467ffb0efd49877f6beda13,1883439.77,2072688.70,0.8810
0xa0b26a453763cf34b41c922b0b795fba04822c17,1880721.69,9389683.42,3.9937
0x984119ba38f6da0888441b84ada980eafe84a60c,1876764.73,7277044.94,3.2183
0x7e26a72fc2c8673e5466b651817425b5b360e186,1867887.96,4529542.43,1.8915
0x1f87e650fb3396ebe4bcf600c2df144497085fdb,1867468.86,3437562.79,1.4550
0xa313262a5856021164bd4a5d2dda65bc018bc758,1866302.32,5038101.25,2.2406
0x19be5a51545d3535f368709cd09bd957d37de890,1864167.98,5330233.89,2.2766
0xa32cedbb23255321497c543471121068327dc1cb,1855623.49,4090040.14,1.7853
0x8d5127ab6221f7c99a29294ac5f6a09ed322ac1e,1853954.85,4117506.08,1.7193
0xcfbc5ce4c36144be1713f53d430cb9c3b94c9286,1845074.54,2061886.39,0.8940
0xb1729adfa6a09c59de9627a6fc37cc91c4ea9d1e,1841829.16,1959459.58,0.7979
0x5ad7b98466d066d39a950f112f907a694078df36,1840423.80,1939713.02,0.7905
0x19c8d05e943668d0c34cee7020368ff6d4d6a49a,1836210.62,2042907.59,0.8901
0x1c480883b6766a68c31513be7f7114b357c80f60,1834731.44,2010982.67,0.8220
0x999eccea3c4f9219b1b1b42b4830e62c26004b40,1834508.06,4452983.88,1.9415
0x9a1037b7bd9c1d79ff1f66d1ea7dbf1632344e58,1830997.09,1964006.88,0.8045
0xc02665f7d96d9c7db5c7cb3141dab9cb7837c51b,1828084.00,2710027.04,1.1695
0x4444ee1efbcfc7716754d4df119a1dbbe29934b3,1817725.07,3065306.03,1.3491
0x14c87c6a1eb8f61465ad0abd4256383ddaf779d0,1812922.95,4340951.49,1.9395
0x32013a1c66516139f89234cc859ca15fe10a7da2,1806259.13,3930744.01,1.6974
0x862e82662c7ef7961bd1d8e2d35ca70cc0b4dfd6,1798585.12,1979200.06,0.8803
0x9f2251bc33c814d349987d1c05b1a960edfacb55,1797592.23,11299722.76,5.2174
0x8db92a536b46b86d3916da76e2d5057dcf1f6b0b,1791807.48,2631852.50,1.1537
0x28deb686bb8d6a3ef6f3490bbcaea40a39053c8c,1788931.72,5229283.36,2.2800
0x276c59d27d8dae1b618d4320e707c6e02d96b4d5,1782239.05,4917395.89,2.2008
0x4bef092cd5391ac4c45f4e8b6d7d6ebfea93f506,1782037.85,3056377.97,1.3171
0xdf385e71d88af434d40278950fb04dc3680593be,1776709.44,2656781.76,1.1664
0x51cc7e0dba0dc53efe57c6dc6cae4da9d74e321f,1775218.58,3346502.29,1.5005
0x2afbe0164ee3e4fd92ed83cedb54ee7e3bf5c418,1770076.78,3343067.44,1.4732
0xbdfa4f4492dd7b7cf211209c4791af8d52bf5c50,1760932.61,7553121.08,3.2728
0x129d32396f0a8cb03b53209310034fcd78b4eb9b,1760212.65,3481472.10,1.5427
0x2082c5a3c08a4d5ade0ce779e24b463daa241646,1749305.25,2492648.09,1.0505
0x63f034270144736760939935826b0d39330c2336,1746161.29,3822016.21,1.7401
0xa4b2c76701ae4792a27777636ed79e477b2dd371,1741351.28,3593567.64,1.5509
0xc76f39917e38426515ed15376e0b518574e67f05,1739328.81,3885215.35,1.7481
0x6db2ad4545fbde93452aa6965e79d04a7427367c,1735766.78,2640857.95,1.2628
0xe5379345675132653bd303030c6e456034ed1961,1735723.54,3500503.99,1.5126
0xe9a42b30cfb88902d17fe5d57a4a0b7943843a69,1734762.93,2978605.02,1.3393
0x80b3153f39aeec1ef68adc038913698e103e6e1d,1733881.79,3533206.62,1.4790
0x12dcdd86709b4855990d69000ba766b7b470199b,1725512.35,4379497.54,2.1066
0xe1b2590d7b450789a91ff7c802229ddc548f62cb,1714508.97,3033653.71,1.4001
0xbe3e11532080eb261bcc6f4f65560ef18148b782,1706144.57,2628560.52,1.2017
0x7df38874e14e2e8fd237b63ee9b66e4c5226b486,1703305.98,4722404.76,2.2118
0x00681537d96c4f466f0489bf8d8b30e25339bdab,1686526.58,3166871.86,1.5585
0x59e90a7d109ad61dff75152b9dfa019cb7fabadd,1682092.73,2668002.28,1.2438
0x880851a20750faebd1fe460f8c10878fef5c514a,1665348.89,5139357.94,2.5268
0xa9f5cb4a5dbd6432292a632921d250d2df93ae73,1661349.77,2966954.47,1.4823
0xd7a4d0e73ea5a59b6a41e931c07e17257976cde6,1660039.19,2735889.01,1.3607
0x203962b5aa6f23224496a4cf6c85efca668ebd3b,1658347.24,3672578.59,1.8381
0x32d2d8a08e29668492724b83d81c750123b6b905,1655147.43,6542149.37,3.1836
0xbda821c7d9f9ba9fa59b9e3a888b6010f4848372,1654233.89,2580038.70,1.2165
0xe1bdff947510a8e9623cf7f3c6cf6fe5e37c16b8,1652390.38,2502372.32,1.1898
0x04d25e7dbd61fb49ff4a59a2d16529cf06fadd56,1651523.76,2507776.43,1.2038
0x5a14bd3f2bf84c3690d653f1d40cfb7a8a9b3c26,1651223.53,3493706.40,1.6503
0x061915ffc572ceeb6639dc40d23554f9755d1b0c,1650104.15,4182216.63,2.0630
0x62d00bf1f291be434ac01b3dc75fa84af963370a,1643816.49,4690989.87,2.3421
0xea5a0514cc0b7ad227ac77bd86a68774696b5ca8,1643224.87,1877816.21,0.8571
0xa507b355d6288a232ac692dad36af80ff1eba062,1643089.83,5282181.33,2.5305
0xa6f0dd64ccfd92886f9ee8cb6fee60a8c0a4245c,1640127.57,3089042.25,1.4868
0xf84dda9ef2cee60fed034b7a53a8ae7c3f100e41,1638291.80,4971893.22,2.5189
0x4f9bd851f098d4950c64c7872b1eef3a24879cc9,1637116.34,1724324.39,0.7900
0xeb7712be87c541fa1a7cf647ca927a5c8da814a3,1632285.06,2631406.44,1.2574
0x6dd2652d1ad60f1f62d27cd237b3573a20d0a997,1620921.69,3611659.04,1.7748
0xd4bce9c082e315b8e3d0a79bfb5c6daa36e9531b,1619726.42,3626558.14,1.7991
0x0b37864bc174604bfe37c71fad83d0dd770cd752,1614251.09,3464066.95,1.6738
0x42ee30f3a8d302c0740fa66411dd2a0ee9d51159,1608709.36,2135261.79,0.9955
0x2ebc57534533a8a4fa12471353d32f19a1f241b4,1607580.33,3102678.70,1.5633
0xb7ce0925ba99893a168e20e6b626246f2a391590,1606017.65,1722978.06,0.8046
0x26b4b1842038b7578e84b4dbe588e65ff00df6a9,1602364.28,1900195.69,0.8894
0xc0c597d4234bf1ed01cff725302fefc1010577ba,1600004.09,2577230.28,1.2564
0x0ccd5a2e92485e5e8f6cbbd53a087ad027a70ff7,1598678.99,1726451.94,0.8639
0x80e6c4918ce508c08f7e4298f64464044cf79db7,1597692.46,5340780.89,2.7371
0x974bfbc275c9bef1db22e904a56b7ae4c0adf1b5,1596282.86,4025043.67,1.9668
0x3d5426f553fd05f9a6dc7b208be90b4f1f4954a5,1582225.60,1668384.27,0.7908
0x0305c8aa090070000ee41a82d9226482f0296e08,1581325.32,3001643.64,1.4236
0x577ebc5de943e35cdf9ecb5bbe1f7d7cb6c7c647,1579078.35,5339238.50,2.7167
0x2d1a5c2269237cf98f7d5dafe1bef2f9fed4f1d9,1578477.49,2564311.23,1.2818
0x0f7fb6c45c04d6619a2fba85055588b910b15af1,1576505.95,3051722.42,1.5099
0x6f10b22517ab7a3f5aa722e62a6917a3a7c2e2b8,1574406.24,1778227.86,0.8471
0x99a15fd49a6fce0c763cd598a716100f3240c78e,1570861.10,3002593.13,1.5720
0x98cb1557beabdf403d4ff7a44677769a6a0a5eb0,1570456.53,4132613.01,2.1841
0xae2586e76c8a4d8dc1ff3d9ab70bec760ae143c2,1563146.97,2118630.66,1.0572
0xd3a47404c47c9e5325339592626eaf2fa3202b23,1562372.14,2795185.69,1.4491
0xf03208745f013d892ceeb2c15aa830cd2cb123b2,1557300.61,2158217.95,1.0394
0x6e180a1aa5ab50bb16f07ec1988c89b776d2bab3,1553884.49,2720079.82,1.4466
0x180961956347a2370f59aebf3dc085474624b775,1549799.30,11089215.90,5.7958
0x635fa9b57a9888ffe624323e547fdfbad1a74606,1548834.57,1707940.83,0.8270
0x38e3c92a543ed6c87eaed33bcba04b9d30291220,1543220.06,2440343.98,1.2334
0xe56e6ea69ac4253d02ff92583f27530e5a776b43,1542808.51,1718969.56,0.8913
0xe4656c9b852be02c2db0c256403950fdcb6d5f8e,1532303.79,2617223.98,1.3323
0xe37195cefec99ccc722363ba104bb577a490fec9,1527313.44,2585554.04,1.3712
0x5094421282d49672a394e6b7dc8507191e50ad5c,1525113.67,2132829.68,1.1607
0xe3fbd803865f2dad742786fbaac4a32d7ef9f3f5,1522906.22,4020376.57,2.0639
0xbed70771203884ae83da8a2c988002b86a785373,1515696.03,2373550.73,1.2588
0x364d0c18ed7c59fe6ac570e399e269594bf69b55,1508210.46,3629613.90,1.9975
0x5e350a4c44ba136b64b62418acab683c478c1d11,1505344.41,2397149.48,1.1943
0x765decf4fa157756e850c1079f60801b9219edd1,1503024.70,3057727.45,1.5868
0x003e5bd70aa09b9ad03b14ab33825039f2a81efa,1502936.61,2012965.20,1.1117
0x785bcb5a3b08095662e2d92cc22f221bda651b44,1500961.44,4500782.86,2.4888
0x4727a763746c6adaa3f577f6971c3b9543c169de,1499990.45,6192761.79,3.2203
0xdceaba486cf624a09ebb35f8fe7d1c109b9fb6f6,1499582.40,2209694.04,1.1494
0x2041ebbd5c490d9bb6edeff644ea01b7b0fec246,1499521.03,2615926.46,1.3607
0x2f471f35c7c629656f76e318e572574339180f87,1497084.18,2262800.29,1.1820
0x0aa16dc326cab0e5a54f2a380f15c0b20ffbe9e4,1496516.56,1673266.13,0.8945
0x62e65900c592a77d41d141a094e1f0ab45a6138b,1490421.99,3306906.06,1.7306
0xf015362ded8e61d83021b474bc15132727916364,1482162.24,1874552.63,0.9486
0x3122d26bc093712b6941e413b575e14c6c721b6a,1478385.04,3787092.30,1.9981
0x180daa8a8bfab39dc5fdd510fb43b31428fd559c,1477910.94,1719704.85,0.8727
0x41242a84e9ccfaaa800af9860fc1fd501fbaa525,1470384.84,2297633.30,1.2970
0xb8c01ecea97cce8d1f71e501d70f625b270d390f,1468201.02,2574355.44,1.4375
0x8df197cb5e95bd8a0dfaf15bfa60857ac66b6911,1467096.59,2468510.03,1.2619
0x411ec29a5619d17eee9623f1a9a74bcda5a2ca81,1457413.37,2407762.86,1.3397
0x2c08b7d5e0c9315c1a837706de820ca109c9e396,1456729.69,4475887.51,2.4888
0xf158bcecc70bf0e27baeaf43ecc25a84e45d1d57,1455430.04,2851323.38,1.5673
0xbb8ce9148872b85aaf1584364bb94eec99e8f409,1453703.98,2701458.01,1.4495
0xffa28a7ab1c445f3e8baf54cbb4a2453b4f80d69,1452059.10,2446956.42,1.3144
0x05936f6a5ea9abfbfcc690f1a6140d97e80640f9,1451807.37,1603981.37,0.8839
0xc5981fd0eb8c61f65615ff75a1d093661566a0ef,1450945.76,3663551.33,1.9757
0xd739c1382c761354b7064332b962f82dd27a84ec,1450331.48,3581664.82,1.9582
0x278a4ca99593a9c32bb9b318d82cf5e69ef95d42,1448947.82,1525249.73,0.7895
0x79792c512d1029a640c86f20c9d30ef3643d4d38,1447094.30,2125674.07,1.1447
0x10dec30b4b8b3bb9757d0d0251f724e2aa8272cc,1439726.72,2584418.24,1.4424
0x122417d7408df58ed06a49cc57415f1edadad556,1434658.53,3773057.18,2.0513
0xef99c943220e53c70e7a27ea6ba22b707c5aa8f5,1426335.83,1628737.00,0.8564
0x1c934e8029d17920e697e3eb214014806576983f,1420054.14,1624530.18,0.8580
0xa331ebda776e9eab1b18251414da56a54fbfa5d1,1419543.89,3494658.43,1.9202
0x0be6cdcd1d09432e9705b4aa7efa26cb305824d1,1413635.29,2822113.99,1.6570
0xbf3401cee68f45d1963407076c119f1b3867bee8,1406645.14,2240059.14,1.2421
0x05ac2c01661eb6aba0f88a78dc306c84af90bf69,1406347.33,3874131.79,2.2864
0x8e05c77db6b098a9c03fc30609859f3631c6e87a,1400520.10,2582230.21,1.4381
0xa6a0ab18479e901d97f6bf6c0aee534386ffa8c6,1399991.08,3262847.43,1.9344
0x25ec7cbf50873a1078c5b4d471546a1a09fc75d7,1399726.55,3809107.56,2.2509
0x23809d0cb1fa7c2e61139c5e54687adba012b5f2,1399594.76,2824938.93,1.6753
0x23e91fba4fb8cac07a61972f111d176833dab787,1399594.76,2823526.46,1.6744
0x5770c25edcc98cb9f2a2483690a99d5f80df704e,1389268.80,2263523.63,1.3523
0xd54e3d1bd76f05fd3608a3060a88d1e98765406a,1385773.35,1549314.55,0.8944
0xc52993fd31fb682653e21ea495e57d8f7ec537ad,1380474.78,3289558.47,1.8587
0x9d3666ac78ee404d3f490e4216b9c79e35aa97d9,1380146.80,0.00,0.0000
0x954bc19330c0e04d30e1a067ce45f3e878412cbc,1378045.81,2440060.48,1.3811
0x161af905bf20e99d7cd487c88c59c7570babc77c,1377262.70,3894579.26,2.3470
0x704f62901260128a0b2406ebae239ce933f131fe,1375092.69,1532936.68,0.8918
0x6c69691af47ee227ba6b51e4454fd0f4f8060abf,1370819.76,2615636.62,1.5646
0x56e75e42cded046dbf2265e1d95b7f6ba7d06784,1369578.63,4670533.55,2.6600
0x7795da9a54d81e6d8ea6ffae23d94400bb1017f9,1368642.93,2649761.25,1.5101
0x74b6a6a60256b1e04128ffd0293313d1e6107c9c,1367886.58,1529173.78,0.8943
0xdfef531d765757db52be717d6da83eff43f4d3eb,1366981.72,2042895.90,1.1657
0x55b7af9db0a34742483c421a0ffa7b9e90a4cf29,1362969.80,1589426.88,0.9330
0x8c0fcf914e90ff5d7f2d02c1576bf4245fad2b7f,1361929.45,1901972.78,1.1109
0x240ed5c2b5ac768492afdb9fef7570fd4cc22ff1,1361861.58,1629595.36,0.8974
0xebefa2c1aa5da17c1646cd4ff349d6d3f285db16,1361278.47,1516751.81,0.8914
0x8c16747be48a94514c1e08d341d45c9a631d830f,1359733.69,1495989.28,0.8802
0xc77060d9f36943668b2377a7eac34effd6ec200f,1358248.54,2365266.64,1.3583
0xa67963e047cf23aa96a178f434f678a6a3a537e9,1351608.98,3891011.61,2.2455
0x3bc22a96ab596c721337103235101d531fc8d386,1351527.78,3346736.72,2.0184
0x4e90a92c4b20830a536c36b8c7e7d3e71a1dfea4,1351040.67,1837529.75,1.1289
0x81c8717d094d22a7bbd3b06247dceca82d7ade38,1350911.85,2889430.39,1.6683
0xaefc72f5820c4c27acb4efbe26a0a0fdeb1f52f5,1350811.28,3215390.89,1.9225
0x3c1bf7d29100acf8fe8c48ac3ed144388ad470a9,1348526.48,2227830.52,1.3290
0x2e8ca8308b901f567b2c8d5917348d8c984be00f,1348360.16,2462224.64,1.4416
0xb7bf01d9871ddd13e6faf990d0ea97d7f1cf48b7,1343481.64,4297977.26,2.6160
0xd713e50e8482393ce8f51c963aeefc081f83d465,1339372.22,3683326.51,2.1450
0xd242c01f124b3389924505ca9e645a384ca4821a,1338706.92,2597721.32,1.5136
0x26f5857bfeab9369ebe69230903a7e1e96aa576b,1337453.17,2846473.03,1.6601
0x0bf51b6fabf521548afa46de42756e5fbb901dd5,1336305.39,5146884.23,3.1276
0xecbf6e57d9430b8f79927e6109183846fab55d25,1336185.57,1455038.34,0.8820
0x64f7eb44fcabb052712991c1d5f0d18ca0132fd0,1334065.91,2881856.69,1.7930
0x1e84b19444fb897805549b9c88df7efcadc092df,1333553.71,2187672.50,1.2796
0xdeccc6ba5a64bca4f48b0e02d59b31ceb5d75bb8,1332778.54,2760670.29,1.6158
0xf5c248fc456d02644b4c6b8051eebbf537e2ab4b,1332104.59,1474709.25,0.8303
0xf29ebad700a30c84d347baf85cc562cf525899ec,1329385.62,1453965.67,0.8750
0x8c6439fc4b3b0265d52d3b05620bf3e00726ed99,1328726.13,3066846.84,1.8003
0xe54325bc88aedcab29d97303b599be3da058222b,1326161.04,2867208.73,1.6519
0x4bd5db10b4188b484696833868b91713a8c5bcb9,1324374.84,2050422.50,1.2636
0x7338afb07db145220849b04a45243956f20b14d9,1324347.21,3918588.32,2.2970
0xb63e8a8d04999500a97470769d10c4395789836d,1322608.55,1843836.88,1.1198
0xdc297ee7be40259bbb6d75e16551c0c170fb20d1,1319617.91,1546950.61,0.8792
0xb0f094c9e85a0ee7b89214a3a67efbc131022cc0,1318773.70,3824989.85,2.3208
0xeeb5f2460828d1160f55f656a288896cfb562e4d,1318360.37,1823317.98,1.1042
0x2ea07698a88ad2a0acfc82c229c5cbadb7cc9c9c,1311187.40,1799548.72,1.1114
0x8d4f4e70779b67bff2f718e8cb09139d018aad3d,1310309.05,1913222.67,1.2119
0x7442aa8ee475b6ee9372ea85f64bf3989df63bee,1309622.42,3327322.11,1.9817
0x8b2e5025ed1dfaca279c7a809f6b5c9eeb8adcb2,1307320.84,2144006.18,1.2792
0x82138a24a7717473a2abb29f396e530e076c01fe,1306019.04,4041303.63,2.5589
0x925713c121423e7bbf7045ff163bdbc0a298207a,1302394.36,6178221.12,3.3681
0xb8c2c0aa32a95351ffa9450509c62379a42a4f87,1302121.41,2730746.00,1.5938
0x6d478cb16317680a517ff89253f82032efdc31ba,1301046.56,2600404.14,1.6589
0x8d8b3010808e0864ec3392b5fdcc192497787f8b,1297217.47,2042198.74,1.2410
0xaa6a99026af49b583ea5cb54b883c0ba33e8b3a0,1296647.49,2714978.23,1.5704
0xd56e0525c9306644e2788989028f331ad111e1f9,1295464.68,1932619.23,1.1636
0x35ece33facc6b2a2b2284394fed1870268f95134,1293232.71,2385419.76,1.4842
0x26ed116fcbfbeb9ab12ad8abe1c4e088192bae30,1292113.60,2522376.44,1.5310
0xd5203cb8ab0b4cc1296f9bdfdd548b3cc8749c7c,1284810.09,2967098.09,1.8319
0x19c43330f4edb0e8c4d0eebbecb30d1b1b26d26a,1284670.81,1860910.48,1.1326
0x62897e744e0c71860ea74bd88858b0f4afbf72dd,1281609.15,2586726.72,1.5855
0x60a6d69802239e8678f35cf3cff8af6d64ab4088,1279504.07,2441406.47,1.5160
0xc3b2fc58a3a54739e303b5e7c53bd6021d1d56dd,1274246.05,6096121.89,3.3967
0x4e24e4cce79bb6ddc4baec394880873215edaf7d,1272239.39,2088088.50,1.2802
0x684052ef7741d39522670aa6be1c230213235b0a,1271149.21,2253668.64,1.4563
0xa4bed23fc877ac093acbb94862dc660eab429b4b,1268029.59,1414742.17,0.8926
0xefef171df3d8864c2d8705768096fd5a0eb2b247,1267710.47,3012265.94,1.8744
0x9446ccb8853ed054d47c9c68d6835b5d67a34112,1266665.33,2823822.16,1.8503
0x59c5e18a736ac6424a4253174cfd9625f5d5fef0,1259357.73,1366375.16,0.8788
0xa6f3d9380c8c2b9c8688fd561282a726c81c47dc,1256069.61,3014423.11,1.8719
0x47415c9e7a0900695e1ca0d110864505567ce0a3,1255318.56,2495437.14,1.6102
0x2a6808f190795992c1175586ae217251dc06d90f,1254895.55,1402891.36,0.8943
0xd3ce92e2f9c613adf53d81cdf0e07fb4e91d9289,1252109.96,2996973.13,1.9388
0xc55c7d2816c3a1bcd452493aa99ef11213b0cd3a,1251557.02,2318719.54,1.3154
0x64b37659c33e0d26cd99ec63672005f6b64a6401,1250354.26,1959799.62,1.2403
0xbbe3188a1e6bfe7874f069a9164a923725b8bd68,1249638.18,4643920.58,3.0101
0x38a564a38be5dfb6ef2ab765da1e4397d03c2d62,1249553.38,2002476.14,1.2500
0xe61a78d80c7048cbdf137c184ac22a99e400d9e7,1249042.08,2493466.76,1.5327
0xafe1e2b350b3c9c8540634cda1e7e91f2f7a8458,1248770.63,2732006.38,1.7460
0xf9f061d9a5f04e223ed3c560e03a8ab0a70cc1c4,1247309.19,2341874.86,1.5584
0xdb36e1fa10690f5dcd1a74c2957efc65cf834a1a,1246166.31,1876008.50,1.1742
0xcba0c5d1dc2fd66c8c12ece3d05b44d2a1d738e8,1243675.61,1433311.08,0.8644
0x42270424918609bd60e1d3e12d7bcea1b9ec3513,1240763.55,2023968.09,1.2723
0x5285415710d4024ee95025ff7ce86d869491548b,1240132.85,1842730.42,1.1590
0x6967c9a1a6e7057cefb79cbb5bc23b234ae6cf3a,1233444.19,1724922.22,1.1328
0xfa8b297ab8112ac7ee1ea642d615801a9952275e,1230848.58,1998172.41,1.3150
0x6e96a8f5493d55c3a5cdbf2b2d8e049f812a929a,1229586.06,1765223.44,1.0772
0x106f42433ecec467fb274984e94163f54d6679a9,1226181.70,1366398.98,0.8915
0x5c57a4dec1c8c392343ddfd68564046ba0c4cffc,1220962.07,2103158.03,1.3760
0x75b4257dc02477eb21ebeb7cb97221f8ee41e4e2,1216634.68,1761360.97,1.2016
0xe65593712365ef147cf76b3afa5a9616014d7c3b,1209985.91,1278921.15,0.7927
0x10a1fcbf71af928b7a214fe79d0592a6ce4902ec,1208020.83,1338369.67,0.8863
0xb160c4094ab4beb9643f202b344389667424e3f9,1206765.01,3053184.39,1.9734
0xd12e276f76a55af8558e149b5efeb6aa3a64ee84,1203454.92,1741710.89,1.1289
0xba482cae263659b3226c919b9229a27c76217d7d,1203249.49,1274741.33,0.8475
0xdfc152a34ece29e70c94d32ce0ae3ae91f6112af,1202821.64,1685864.99,1.1357
0xc6af88dd0cd44e6abb2564dd8e96bef465e4b952,1202580.55,2413151.99,1.6254
0x23ab53b4539aa439c2e378d199c965357f6e8e13,1201690.27,1343101.66,0.8941
0x7e88c88c0f497979a76876e75703d6ca0e16ab0a,1199992.36,4802396.18,3.3217
0x279f7364049b22bb8a456532250c473e7b491619,1199699.70,3640567.61,2.3670
0x4573cf12176b3bd90fcda44c390cfa34089ad695,1199652.65,3593454.68,2.4626
0xba10248ac4dcc76ef27b58aad637f02a27fbc4f6,1196600.05,2043744.28,1.3322
0xe4f0792e3a91c061593122fbfad9afe0271389e8,1196426.88,1941969.16,1.3204
0xee3e3374b131bfd6fb9e76986678fcc843c2e6e9,1193447.75,4542421.24,3.0790
0xbc4a41fab35600b5ee85ed087f45bb7bc317c328,1193208.04,2296002.10,1.5766
0xdfad3e4f73448f5c066ddb4dd5dfa4e60e4a4cba,1190658.97,2776788.35,1.8868
0x8a30982de0e62ac940bf3166ea43cfbdec96a10b,1185567.47,1666285.32,1.1306
0x4bffe3099370dfcc1e3d13a33425a018fda5b8be,1184924.62,3907126.84,2.5719
0x1271836313a2b692858f96d88118176e72d9ed74,1184500.27,2840665.78,1.9905
0x19b5924c96a5639e033591b2adcedeca315f798a,1183525.49,2288093.76,1.5378
0x850e70b110012cffa946464a4e4471f362d9457d,1178447.14,2271476.38,1.5670
0xdc77b2c59db1b02f988e8e08a60fbe9139447cc3,1175226.92,7497603.57,4.9762
0x5cc5096e2fa50ae3f1d4e14ab99d921c167ba5b8,1174844.55,2317289.37,1.5916
0xa5c4c211f8b57fb4c70b0335f0f9c76dd0a96642,1173146.98,1311227.01,0.8942
