user_address,symbol,amount,amount_usd,price_usd
0x9600a48ed0f931d0c422d574e3275a90d8b22745,WETH,543767.978871692700000000,1536111331.19,2824.93892778
0xf0bb20865277abd641a307ece5ee04e79073416c,WETH,480093.062468225250000000,1356233581.12,2824.93892778
0xc6badce2f5e10db90d74dbe023768259ec4699c7,USDT,498991277.978198000000000000,498988099.40,0.99999363
0xe5c248d8d3f3871bd0f68e9c4743459c43bb4e4c,USDT,230301434.781177000000000000,230299967.76,0.99999363
0xfaf1358fe6a9fa29a169dfc272b14e709f54840f,USDT,222163838.291237000000000000,222162423.11,0.99999363
0xc468315a2df54f9c076bd5cfe5002ba211f74ca6,USDT,218495281.824515000000000000,218493890.01,0.99999363
0x23a5e45f9556dc7ffb507db8a3cfb2589bc8adad,wstETH,54181.533317911800000000,186784541.82,3447.38382951
0xef417fce1883c6653e7dc6af7c6f85ccde84aa09,WETH,65187.744198732886000000,184151396.20,2824.93892778
0x9cbf099ff424979439dfba03f00b5961784c06ce,USDT,181454001.500817000000000000,181452845.64,0.99999363
0xc468315a2df54f9c076bd5cfe5002ba211f74ca6,USDC,141698350.020758000000000000,141657334.02,0.99971054
0xef992050dff61225ba6fb6018a106a6e2b2569a3,wstETH,40746.180166029960000000,140467722.62,3447.38382951
0x197f0a20c1d96f7dffd5c7b5453544947e717d66,WETH,46542.815158948010000000,131480610.35,2824.93892778
0x3edc842766cb19644f7181709a243e523be29c4c,WETH,44295.231638463900000000,125131324.17,2824.93892778
0x6761826e71fa2f47fbd2db2eb9f94fbbd49a9e8a,wstETH,33703.083994901004000000,116187466.77,3447.38382951
0xd9b12c063d4df75b47bd5797d857c873e3c6b505,WETH,39410.310224895580000000,111331719.51,2824.93892778
0x28a55c4b4f9615fde3cdaddf6cc01fcf2e38a6b0,USDC,105858957.180179000000000000,105828315.25,0.99971054
0x5be9a4959308a0d0c7bc0870e319314d8d957dbb,USDC,103877092.058571000000000000,103847023.80,0.99971054
0x7cd0b7ed790f626ef1bd42db63b5ebeb5970c912,USDC,103123236.987149000000000000,103093386.93,0.99971054
0xfa5484533acf47bc9f5d9dc931fcdbbdcefb4011,USDC,102088569.339328000000000000,102059018.78,0.99971054
0x50fc9731dace42caa45d166bff404bbb7464bf21,USDC,96187833.060942000000000000,96159990.53,0.99971054
0x34780c209d5c575cc1c1ceb57af95d4d2a69ddcf,USDT,95162798.575407000000000000,95162192.39,0.99999363
0xdb802c7c6b7cc1c0e8474bb7eb80bbc569763de5,USDC,95000000.000005000000000000,94972501.30,0.99971054
0x40e93a52f6af9fcd3b476aedadd7feabd9f7aba8,wstETH,25191.367390546150000000,86844312.59,3447.38382951
0x5877626d3cdc57317d861207244a4eea28decf9e,WETH,30189.300202465360000000,85282929.34,2824.93892778
0xabbd5b2b0b034781e58434736728b9d0673de7f1,USDC,83734637.075513000000000000,83710399.25,0.99971054
0x4f285bbcfed9140ea4c15feb3348b227f6f35bea,WETH,28615.044783137135000000,80835753.93,2824.93892778
0x741aa7cfb2c7bf2a1e7d4da2e3df6a56ca4131f3,USDC,80209677.529397000000000000,80186460.04,0.99971054
0x85e05c10db73499fbdecab0dfbb794a446feeec8,USDC,80000150.420625000000000000,79976993.58,0.99971054
0xe40d278afd00e6187db21ff8c96d572359ef03bf,USDC,76934390.233487000000000000,76912120.80,0.99971054
0x60d2d94acb969ca54e781007ee89f04c1a2e5943,WETH,26971.467335137910000000,76192748.01,2824.93892778
0xba20c11a14c7f41589785cd6fc1809b03bd58ecb,WETH,26712.999243421968000000,75462591.44,2824.93892778
0x659195fb6c4d77cf116564cb6487d2effd60bce3,wstETH,21876.967800893430000000,75418305.04,3447.38382951
0x6e9e81efcc4cbff68ed04c4a90aea33cb22c8c89,USDT,75055197.360230000000000000,75054719.26,0.99999363
0xaf9b98d2acde5f13eaeaeb0101273cdfa86dcc95,USDT,72137822.835689000000000000,72137363.32,0.99999363
0x8e80a60a1766b3b80aa7d766e190eb80fb68683d,WETH,24796.570465800830000000,70048797.18,2824.93892778
0xd93814273b33dd33b32cd345225cfb65deb048dd,USDT,68562301.598450000000000000,68561864.86,0.99999363
0xa339d279e0a3a9ede11eceac2ec9529eebdae12c,USDT,67972693.219276000000000000,67972260.23,0.99999363
0x4ed0b41dff79e0e53a054903873899bc32abc853,USDT,63733136.248319000000000000,63732730.27,0.99999363
0x99926ab8e1b589500ae87977632f13cf7f70f242,USDT,61749447.402287000000000000,61749054.06,0.99999363
0x7c697d6cff279f3f9c2401d0ea2ac7e7ede0e2c3,USDT,61730897.193666000000000000,61730503.97,0.99999363
0xa0f75491720835b36edc92d06ddc468d201e9b73,USDT,60877997.957155000000000000,60877610.16,0.99999363
0x0591926d5d3b9cc48ae6efb8db68025ddc3adfa5,USDC,59390076.241179000000000000,59372885.19,0.99971054
0x85e05c10db73499fbdecab0dfbb794a446feeec8,USDT,55005974.262979000000000000,55005623.87,0.99999363
0x8ae9847bd9153805b064e3c3350cbacdf622a24a,wstETH,15612.894496290677000000,53823640.02,3447.38382951
0x5780734f2553dcb83cc6c9c6a7efea52daeca70e,WETH,17831.030498363227000000,50371572.18,2824.93892778
0xcfcce06af0ee209dfa340247199057fe619c98c9,WETH,17801.425022081450000000,50287938.51,2824.93892778
0x52e02f0a43ea757d3c8b78745c99d8ddc33bfa26,USDT,50056551.384920000000000000,50056232.52,0.99999363
0xffefa70b6deaab975ef15a6474ce9c4214d82b02,USDT,50000000.000000000000000000,49999681.50,0.99999363
0xb3abe0777aa9685941e54744e704378b4b33eeaa,USDC,49812481.491058000000000000,49798062.77,0.99971054
0xd8495b95a3a6a85f4e3baa003e8b7ed1ed85562d,WETH,17520.690400609787000000,49494880.35,2824.93892778
0x99926ab8e1b589500ae87977632f13cf7f70f242,USDC,48156007.026818000000000000,48142067.79,0.99971054
0xce9d00377edc72ddfbf0c9e0f007b614e9257c69,WETH,16965.089159992323000000,47925340.78,2824.93892778
0xfa4fc4ec2f81a4897743c5b4f45907c02ce06199,WETH,16942.037145208255000000,47860220.25,2824.93892778
0x94def848159b30605afe0c1d1ac43d6d588b940a,USDT,45146441.055008000000000000,45146153.47,0.99999363
0x64471d103a7f77262529383d53bdd28b260b1ae8,USDC,44978656.662818000000000000,44965637.14,0.99971054
0x2e15d7aa0650de1009710fdd45c3468d75ae1392,WETH,15764.861616739770000000,44534771.27,2824.93892778
0x58e70d8bed174643fb5f177e3f0ab2cfe689487d,WETH,15723.942668472087000000,44419177.74,2824.93892778
0xefad748654ec2c072b8735c010ae2fdea04aaf7d,USDC,44004080.645602000000000000,43991343.22,0.99971054
0x8ad459048c798b7435887184d81d7dd8cf2ab818,WETH,15543.218797515257000000,43908643.84,2824.93892778
0xb561b1e79e448bc3a7ac4dc377eeecbc99505f60,RLUSD,43357946.090855660000000000,43342423.95,0.99964200
0xc35bc7e918bb4c0159296d9749dc59de605b4b93,WETH,15297.546323500917000000,43214634.11,2824.93892778
0x3af4a49c8e2fcaf33fd3389543b80d320fcc9091,WETH,14656.537111140065000000,41403822.23,2824.93892778
0x839a8de8e0aff8021a0aec2e42ef1f229ec99235,USDC,40507299.846808000000000000,40495574.60,0.99971054
0x531e08e19e54ea655822d62f160e27af727b6e9f,USDe,40502301.783271685000000000,40471349.52,0.99923579
0x22a65f880bf67b6b62aa6cca4f28b6ee085ee6ba,WETH,14166.332019946061000000,40019022.79,2824.93892778
0x6142eb927529974c5cded66dafc57cb5aaaf73ab,USDe,40000018.775810410000000000,39969450.36,0.99923579
0xf2df969f59b2c86e4b230da88918cdebcfc4ccbc,WETH,14119.703639071770000000,39887300.46,2824.93892778
0xdf2609ec3d2e07a79d2e25e52960e75250bd9aaa,PYUSD,39317064.780584000000000000,39303708.77,0.99966030
0xc89657cc18c66ffc01d758ed42e61f28c6be43aa,USDe,38832027.759161590000000000,38802351.94,0.99923579
0x0a0fa2b02ae73bd9eb4c1e086458099eca42476e,USDT,38333355.339273000000000000,38333111.16,0.99999363
0xc86c66c430d40523a126795b9f03242740583d12,USDT,38271984.148560000000000000,38271740.36,0.99999363
0x989b96317735d70a7762bf96c034b203713aae18,USDC,38119610.519907000000000000,38108576.42,0.99971054
0xaaf9f14f20145ad50db369e52b2793bfeb18a45b,USDe,37907949.782061280000000000,37878980.15,0.99923579
0x3af077300bbfbdd697e74b07c761bbcf18ea1971,WETH,13000.000000000000000000,36724206.06,2824.93892778
0xe84a061897afc2e7ff5fb7e3686717c528617487,USDC,36362350.858424000000000000,36351825.41,0.99971054
0xbe55fdda3a56055b7a3b9c99893be53fd111237a,WETH,12614.221582055952000000,35634405.59,2824.93892778
0x4f962bb0ea0785c539f8ab52a17f1f873ddc355f,WETH,12570.458741793062000000,35510778.24,2824.93892778
0x9938a09fea37ba681a1bd53d33ddde2debec1da0,USDC,34543219.498817000000000000,34533220.62,0.99971054
0xc9db4e8d3d940c16b800d433d168d2f651025642,USDC,34353229.382737000000000000,34343285.50,0.99971054
0x033c208a1626b78e8258ad3e8ee0e6d923cbe709,WBTC,390.515885140000000000,34035303.64,87154.72259016
0x63950cfd75e2290a3581b6b0e39c86bc11697d5b,USDe,34045550.385771670000000000,34019532.44,0.99923579
0x7055b17a1b911b6b971172c01ff0cc27881aea94,WETH,12003.266392023740000000,33908494.49,2824.93892778
0xa028bef2835cab01d39dc3ff34abc46a2f665bb4,USDT,33228794.961816000000000000,33228583.29,0.99999363
0xd48573cda0fed7144f2455c5270ffa16be389d04,WETH,11471.932047453025000000,32407507.42,2824.93892778
0x6a8018b0ebc017a6532d96be8cff9f3f9ed16f8b,WETH,11462.686617113957000000,32381389.64,2824.93892778
0x4352cc849b33a936ad93bb109afdec1c89653b4f,RLUSD,32005931.219429650000000000,31994473.10,0.99964200
0x85f431344c0798b87337bfbbaf482e3e9c23e857,WETH,11308.987802497090000000,31947199.88,2824.93892778
0xeb2a1125f1e14822d0708464b795baad6b9038ce,USDT,31801087.902072000000000000,31800885.33,0.99999363
0x3b3f03015b479b734f41b77dd72851e676d0f406,USDC,31495056.420032000000000000,31485939.86,0.99971054
0xd1a2d9df5db842da2ee81075fa441602b2352915,WETH,11130.301208365285000000,31442421.16,2824.93892778
0xf4eee06aea972a13b77f326a185bf29d893ae674,WETH,10750.515092752017000000,30369548.58,2824.93892778
0xa260b049ddd6567e739139404c7554435c456d9e,WETH,10593.895647067250000000,29927108.21,2824.93892778
0xc81b6381bf13ac1dd80ad44775958c91bf962502,WETH,10395.284461424631000000,29366043.74,2824.93892778
0x77a56647fba0eb60abb7395574cded565f6f94f6,USDC,29170699.150893000000000000,29162255.40,0.99971054
0x2572223f5df9b5889e99554152e91e32c8e8a03b,USDT,29149616.797855000000000000,29149431.11,0.99999363
0xc92478912779758b8f757230ec816d3a47c52fe2,WETH,10236.564125736148000000,28917668.49,2824.93892778
0x8c0824ffccbe9a3cdda4c3d409a0b7447320f364,USDT,28487311.594221000000000000,28487130.13,0.99999363
0xc1914872a1dd8e7a39ac6d5ee0d6fa9fcecf001e,WETH,9980.639116948127000000,28194695.97,2824.93892778
0x2269ce2753e2967dd5322a56188c3d24435b3588,USDT,28161819.203426000000000000,28161639.81,0.99999363
0x9e30a1cb1bad5f4a4915390fee7b77213e36625b,USDC,27457832.796598000000000000,27449884.85,0.99971054
0x96f49d0e9724dfd8780fa667ac37a993f005cb94,PYUSD,27384588.555243000000000000,27375286.01,0.99966030
0xf368d43f148e1803ec793670183b0ca6a07d3898,USDT,27330429.605002000000000000,27330255.51,0.99999363
0x962bdd83c3943fe08b62101fd9f9a8b923a0b475,WETH,9598.187396662059000000,27114293.21,2824.93892778
0x5130985ce6a0e54f369712cd6f2fdec084026e54,USDC,26757945.504429000000000000,26750200.15,0.99971054
0x08c6f91e2b681faf5e17227f2a44c307b3c1364c,USDT,26269749.056719000000000000,26269581.72,0.99999363
0xd007058e9b58e74c33c6bf6fbcd38baab813cbb6,WETH,9000.011611968454000000,25424483.15,2824.93892778
0xe67112647b7aea8b7490f27e1c75208868138df2,USDT,25378349.856922000000000000,25378188.20,0.99999363
0x630fd551ec58a6ea3b65714df737d294a1936ca1,WETH,8901.978417002903000000,25147545.36,2824.93892778
0xe84a061897afc2e7ff5fb7e3686717c528617487,USDT,25032628.609434000000000000,25032469.15,0.99999363
0xee2826453a4fd5afeb7ceffeef3ffa2320081268,WETH,8776.271144053944000000,24792430.00,2824.93892778
0x372cae7fa19b81a9786a9081704ea1e2dad576b7,USDC,24317340.164367000000000000,24310301.27,0.99971054
0x91cfbce901ebec39e5fcd4416893a5632b6da004,USDC,23924883.897271000000000000,23917958.60,0.99971054
0x04b35d8eb17729b2c4a4224d07727e2f71283b73,USDT,23596549.619480000000000000,23596399.31,0.99999363
0xbcaf70ef342378755e82c9f374225604f04a36e3,WETH,8228.450652212970000000,23244870.56,2824.93892778
0x9fb1750da6266a05601855bb62767ebc742707b1,USDT,22578939.030604000000000000,22578795.20,0.99999363
0x931433324e6b0b5b04e3460ef3fb3f78dda3c721,USDT,22481516.900447000000000000,22481373.69,0.99999363
0x9fb1750da6266a05601855bb62767ebc742707b1,USDC,22191653.229014000000000000,22185229.63,0.99971054
0x94e96e1b9b8c7ecf8ddb37a379e6bbeffa057c93,USDC,22018396.785844000000000000,22012023.34,0.99971054
0xfec2adfa296fe189f53089fd5ccd8c28dd559cf2,USDT,21715303.471900000000000000,21715165.15,0.99999363
0x7546966122e636a601a3ea4497d3509f160771d8,USDT,21117664.340732000000000000,21117529.82,0.99999363
0xab5a28b6ca2d1e12fe5acc7341352d5032b74438,USDC,20911910.668956000000000000,20905857.51,0.99971054
0x66466428990e0f42a4c54f64bee0db6bf2336de5,USDT,20835988.376499000000000000,20835855.65,0.99999363
0x26a58af72eff53ddaa064a9df86e8ec3184bee95,USDC,20800020.744984000000000000,20793999.97,0.99971054
0x96f49d0e9724dfd8780fa667ac37a993f005cb94,USDT,20607408.870929000000000000,20607277.60,0.99999363
0xe40d278afd00e6187db21ff8c96d572359ef03bf,USDT,20538524.177131000000000000,20538393.35,0.99999363
0x011b09fa6a0a508e0f11e4a97c50eed4d2c1a85c,USDC,20476365.781777000000000000,20470438.69,0.99971054
0xb0449ec1a8a60f95322617d6ed52e1ba1a7beb49,WETH,7218.022590354578000000,20390473.00,2824.93892778
0x277786ef4715e0b7b4ecd7932157898389f78ddd,WETH,7165.753948633905000000,20242817.28,2824.93892778
0x3b94e9fa105551b700e4965bf13db3153bb26557,USDT,20226671.754865000000000000,20226542.91,0.99999363
0x90d443b372b2a1212dda03c9b56c4e622688e981,USDT,20202371.666975000000000000,20202242.98,0.99999363
0x64471d103a7f77262529383d53bdd28b260b1ae8,USDT,20022741.664587000000000000,20022614.12,0.99999363
0x28355886a65848488cf0a3646fca395db0a762b1,USDe,20000139.972175390000000000,19984855.67,0.99923579
0x99926ab8e1b589500ae87977632f13cf7f70f242,USDe,20000000.000000000000000000,19984715.80,0.99923579
0xb7387e11060d14fe5db69880f24ce66d1f8cfe1a,USDC,19714242.367235000000000000,19708535.88,0.99971054
0xa3bcf996fd1cdd1f357b5a1eed0a39ceaaebd422,USDC,19427845.520609000000000000,19422221.94,0.99971054
0xfe99cc4664a939f826dbeb545c1aad4c89ee737a,USDC,19352021.859909000000000000,19346420.22,0.99971054
0xff43c5727fbfc31cb96e605dfd7546eb8862064c,USDC,18836003.636012000000000000,18830551.37,0.99971054
0x4c09dd7c598b12c781c4b5d74d245a1784a2e148,WETH,6654.005956101038000000,18797160.45,2824.93892778
0x7576b7a1d278e3004dd37bbeb90e0b08ca70a1b9,WETH,6556.690973470837000000,18522251.57,2824.93892778
0xae5a33bddc2944f372142a84cd5c4f78c990ee78,DAI,18458510.419557143000000000,18450739.39,0.99957900
0xb99a2c4c1c4f1fc27150681b740396f6ce1cbcf5,USDT,18000000.000018000000000000,17999885.34,0.99999363
0xb2c763b898a246d6562d7566fab4fd1dad586934,USDC,17940296.476402000000000000,17935103.48,0.99971054
0x834bd54eae7edd442637375b9be9ba2a9ad28389,USDC,17667298.821237000000000000,17662184.84,0.99971054
0x741aa7cfb2c7bf2a1e7d4da2e3df6a56ca4131f3,USDT,17624239.126625000000000000,17624126.86,0.99999363
0xb5c98c0d2861d39c538aff4e87cee946ffa1adf4,USDT,17619432.109949000000000000,17619319.87,0.99999363
0xefe7e52a3dc060a6e1d08a9486fe550ff369e464,USDC,17538334.828422000000000000,17533258.18,0.99971054
0x6b2563826bc176fda2099c47567f447fc32cc5b7,USDT,17519862.690589000000000000,17519751.09,0.99999363
0x7c697d6cff279f3f9c2401d0ea2ac7e7ede0e2c3,USDC,17142244.579621000000000000,17137282.59,0.99971054
0xd5b32c3e9021c8b6c73f6b86e5652693d4be4ab5,WETH,6066.082176554964000000,17136311.68,2824.93892778
0x06c05fbac28826fa24b5fe806f239277d8b5a9fd,WETH,6063.849806708464000000,17130005.37,2824.93892778
0x079e5016e76098e664499d2ec36d56aa1bc9f5e0,WETH,6060.673447298564500000,17121032.35,2824.93892778
0xbb1aca5df175b5f0268fdd53e53c1bef3ced02c7,USDC,16992397.004250000000000000,16987478.39,0.99971054
0x931bf367dad3f181af5304961bc5092722eea8aa,USDC,16957765.502099000000000000,16952856.91,0.99971054
0xce344e5ad5bab578601cbf8ad103506588d38455,USDC,16910383.541027000000000000,16905488.66,0.99971054
0x82de027c44006fe4260dce1e1861b04fc4811b71,WETH,5782.940443079969000000,16336453.57,2824.93892778
0x691cb02bf62a0bb2397bfae9a55f7380d415fff2,PYUSD,16137530.414993000000000000,16132048.50,0.99966030
0x949b9e1cdf8ff927e89d45229793c62206b858ee,USDC,16031553.936897000000000000,16026913.44,0.99971054
0xab59403c721eaa64a850474e63919573c0f0b767,USDT,15944902.599784000000000000,15944801.03,0.99999363
0x2735a560ca4a5ec14776a2cef36280f17a980cd2,WETH,5628.043620151728000000,15898879.51,2824.93892778
0xfad075025424f08e06037a9b18dc5f9941021053,USDe,15849766.505381944000000000,15837653.96,0.99923579
0x109b304ab7eee74dafc93e3b04eae7001d7a295f,USDT,15822022.917461000000000000,15821922.13,0.99999363
0xed0c6079229e2d407672a117c22b62064f4a4312,USDT,15805912.237733000000000000,15805811.55,0.99999363
0x2c4fb358eadfe01184451a74bd0a3812e3da1c08,USDT,15548339.370510000000000000,15548240.33,0.99999363
0x5410d09be697e57cd7c4ffa83759abed3219e020,WETH,5501.960600753521000000,15542702.68,2824.93892778
0x449be7d5da3415cc23576d13ed56ea0f24947095,WETH,5500.000167602868000000,15537164.58,2824.93892778
0x1e4535ede3ef2de03d8e9bcf466924665ea19b54,USDC,15464252.093600000000000000,15459775.81,0.99971054
0x2824fe10aa823bb3b2c794c0b3d0c2b6601b515a,WETH,5320.184612871160000000,15029196.62,2824.93892778
0xe637b85b0649e2b4477663e1d219611d1aa3c64c,USDT,15003484.148591000000000000,15003388.58,0.99999363
0x236f968b3e9cc45d6d86bc95386a27c8051ab1ce,USDC,15000000.000001000000000000,14995658.10,0.99971054
0x4352cc849b33a936ad93bb109afdec1c89653b4f,USDe,15000169.751110360000000000,14988706.47,0.99923579
0x9e30a1cb1bad5f4a4915390fee7b77213e36625b,USDT,14738166.402342000000000000,14738072.52,0.99999363
0x2446beb3905cffbd2c5eb18f1f9c2996b05257c4,USDC,14568878.682217000000000000,14564661.57,0.99971054
0x2a0ada17c08fbf240e7759b044f19afc7369a868,WETH,5115.839235863617000000,14451933.41,2824.93892778
0x74600f1edcd794977b6848a459b0ce14c5d330e3,USDT,14380350.920011000000000000,14380259.32,0.99999363
0xddf725d2ebd795748dd8c6b700b7c98d1dfb8ce5,PYUSD,14240927.151929000000000000,14236089.51,0.99966030
0xf929122994e177079c924631ba13fb280f5cd1f9,WETH,4989.686048609810000000,14095558.36,2824.93892778
0x517ce9b6d1fcffd29805c3e19b295247fcd94aef,USDT,14068642.706020000000000000,14068553.09,0.99999363
0x04c58ee5e5fc5f56a824184c5d88e94b7ca4aa76,USDC,14020163.359252000000000000,14016105.08,0.99971054
0xb20fb60e27a1be799b5e04159ec2024cc3734ed7,USDC,14019485.345614000000000000,14015427.27,0.99971054
0xc427dcc18dc41f519263aeed1fafda7a7c8294ff,USDC,14011449.161409000000000000,14007393.41,0.99971054
0x26d19d19aced3d07ca08444276ef2d6caa57d193,USDC,14009257.926698000000000000,14005202.81,0.99971054
0xd65fdb5eb1efd6a8859e619793d25c9357948568,USDC,14005837.121049000000000000,14001782.99,0.99971054
0x8577c67e306f944d869c9ae2e5c603a162fcf7ce,WETH,4946.436258258465000000,13973380.34,2824.93892778
0x01d1f55d94a53a9517c07f793f35320faa0d2dcf,WETH,4939.913559437558000000,13954954.11,2824.93892778
0x62bc66de718645a1f605638132a57213119aa5e1,WETH,4904.842271958505000000,13855879.87,2824.93892778
0x1df2fba03a26e161bd22bef52a5cbfe34a180882,WETH,4899.805431418144000000,13841651.10,2824.93892778
0xc3da51cc1063b3ceb44b041fd336ef6c74291fb0,USDC,13761978.171722000000000000,13757994.63,0.99971054
0x858b71e1d6e421fee400994bfd918da26dfd33af,USDT,13641074.118170000000000000,13640987.22,0.99999363
0xfcd091e1207e467a5b23ac3bc0105e2742309d9f,USDT,13567072.565204000000000000,13566986.14,0.99999363
0xe64f291923dea9a996d92a2a6e6b5e788ccc10a4,WETH,4783.304406994660000000,13512542.82,2824.93892778
0xbf7ea95ab6f509b3b446c4d96a06d68a5c6e35ee,USDT,13400000.000001000000000000,13399914.64,0.99999363
0x666073af75b8d2e6e9efea414db566494e61aafe,USDT,13210295.264300000000000000,13210211.11,0.99999363
0x1e2799e0071e535468097e04ad23b9fe3ae5a6a5,WETH,4665.164162799427000000,13178803.85,2824.93892778
0x941ad3ebd8321797b9b53a87ade232e5d85973d1,DAI,13150125.090565667000000000,13144588.89,0.99957900
0x4debdd6cee25b2f931d2fe265d70e1a533b02453,USDC,13107731.854540000000000000,13103937.69,0.99971054
0xb7fb2b774eb5e2dad9c060fb367acbdc7fa7099b,USDC,12963891.574926000000000000,12960139.05,0.99971054
0xf897450613f4b581ce3e3d87f04fcf9dc55c7354,WETH,4557.071605972315000000,12873448.98,2824.93892778
0xc0979af67786f30dea9335665592d6813b21b819,WETH,4526.438198149464000000,12786911.47,2824.93892778
0x16674814ea6a7aac3decb877ea8fd01deb5c333d,USDT,12768941.044266000000000000,12768859.71,0.99999363
0x324c0cbdeb97d58096d630176b1b247684d534cb,USDC,12616230.466888000000000000,12612578.57,0.99971054
0x4bacce55f0991cfc4d919f7f50edb8be028e37df,WETH,4390.280197143749000000,12402273.43,2824.93892778
0x855904de035c9d86a301af364159e7237b2536c0,USDC,12346516.183227000000000000,12342942.36,0.99971054
0xe71803deea7a37f38e29c04e15b0a432416f0204,USDT,12326613.759950000000000000,12326535.24,0.99999363
0x28355886a65848488cf0a3646fca395db0a762b1,PYUSD,12322000.000001000000000000,12317814.22,0.99966030
0x5c430ff6f374da12218b380d2040299ae5b6d40e,USDe,12297474.374735326000000000,12288076.52,0.99923579
0x2f881f41af772808b848c382370710dca0415bf9,WETH,4317.413032252644000000,12196428.14,2824.93892778
0x0abf5fa8745a406c05300ce6791d4c83f8728372,WETH,4289.321018250941000000,12117069.92,2824.93892778
0x81ebde24453b8e40454616579ea79c79a197699d,RLUSD,12111134.158138951000000000,12106798.37,0.99964200
0x9c0a628ffac8c01eae0f646d4ca364778abc342f,USDe,12018092.797430255000000000,12008908.45,0.99923579
0xbb4d7da70e53e9921ec2cd33a90ee5b822f44e54,WETH,4210.146166003052000000,11893405.80,2824.93892778
0xfad075025424f08e06037a9b18dc5f9941021053,USDT,11858861.690479000000000000,11858786.15,0.99999363
0x6a1f4f0ad047c7050f7ddc0563c0aad3931c4771,WETH,4145.748833458865000000,11711487.26,2824.93892778
0x24d5c7337b70f3702bf0e770401822c9d95beae6,USDT,11700003.187510000000000000,11699928.66,0.99999363
0x33c0b106c459d86841e96d58db211ae8554132d2,USDC,11672191.203008000000000000,11668812.57,0.99971054
0xb907d8ffd28be854a75580adebc2af4063d0dd92,USDT,11648418.692819000000000000,11648344.49,0.99999363
0x399b610e64cfc26988b3a476b438a5f73976ca70,USDT,11573022.568994000000000000,11572948.85,0.99999363
0xfe99cc4664a939f826dbeb545c1aad4c89ee737a,wstETH,3340.236282613637000000,11515076.55,3447.38382951
0x5f23d9789dd2cd64512f8c40fd50be0c2a6927b4,USDT,11488252.751687000000000000,11488179.57,0.99999363
0x51ab7dfcd47283dfbcee6f0a15d25053825f4eaf,USDT,11436810.539960000000000000,11436737.69,0.99999363
0xa9f86d9eaf339305cd36e76bc0de7ac5b024f075,USDe,11428219.197953291000000000,11419485.64,0.99923579
0x965cc423e416827efc108e64103f7ea727c5a1ce,USDC,11414448.399273000000000000,11411144.37,0.99971054
0x415f04fb06abd3ec6ed32452f8318504ecdc322b,WETH,4027.749413009767000000,11378146.11,2824.93892778
0xeadc152ac1014ace57c6b353f89adf5faffe9d55,USDC,11341046.731204000000000000,11337763.95,0.99971054
0x517ce9b6d1fcffd29805c3e19b295247fcd94aef,USDC,11274608.641263000000000000,11271345.09,0.99971054
0x2155287d8379b3254f64053b517641d512e99862,USDT,11255207.471706000000000000,11255135.78,0.99999363
0x2ac7908bd818982373f45fe1e5a6fb3c676fee1d,USDC,11195038.725939000000000000,11191798.21,0.99971054
0x25d2477f89fb29f6956c45d4dfda9d29eb187f4e,USDT,11131052.782236000000000000,11130981.88,0.99999363
0xbc38b5975efd7330ee3db7e85eb46135f6b36913,USDT,11085115.522656000000000000,11085044.91,0.99999363
0x8af700ba841f30e0a3fcb0ee4c4a9d223e1efa05,USDC,11079977.525630000000000000,11076770.32,0.99971054
0x36aab712e7e6820608d5c974d6f9a615ecfd46db,USDT,11000000.000001000000000000,10999929.93,0.99999363
0xa62cc2971ec8b42fd91bd6312f5962fdd5a7fc56,wstETH,3187.920918125252200000,10989987.02,3447.38382951
0xf11f844bc13e7912b78f0ee8b8168f8ef32be22d,DAI,10494293.093918644000000000,10489875.00,0.99957900
0x935ad0fbea9572bb24138f23a69e314f0bdbddbe,USDT,10249419.465933000000000000,10249354.18,0.99999363
0x7974b46e7940de2c4d6458c053bdbac0bf111683,USDT,10225297.740206000000000000,10225232.61,0.99999363
0x08c14b32c8a48894e4b933090ebcc9ce33b21135,USDtb,10205810.182011185000000000,10205810.18,1.00000000
0xb23e02b15bd7dc80c2c23512ad968ab2bc736f89,USDC,10146327.886450000000000000,10143390.93,0.99971054
0x1d46ce6b1d12b1ce9252034e9fb7a292db762e38,WETH,3588.090567699879000000,10136136.72,2824.93892778
0x1faa9bd9bc484cde1da5c4650483a8efe7b414c7,WETH,3579.516317025950700000,10111914.99,2824.93892778
0xd47f5a2bf688999017163f4da7f39159650d7133,USDT,10057126.549687000000000000,10057062.49,0.99999363
0x9f80c83f4555bec66b7e30c8dc65550576d0bf44,USDC,10008691.748141000000000000,10005794.63,0.99971054
0x3eeb5e43bcb9ed151a13a2cfb584a171dcb1aeba,USDT,10000000.000002000000000000,9999936.30,0.99999363
0x96f49d0e9724dfd8780fa667ac37a993f005cb94,GHO,10000000.000000000000000000,9996060.00,0.99960600
0x9297989b23c5fb2a1340c65a8c63b0c46fc721bf,USDT,9952374.846960000000000000,9952311.45,0.99999363
0x85b5bef6d57ed80cd2dcce9061e44ff6fae55d31,USDC,9900887.997400000000000000,9898022.09,0.99971054
0x5047e08c576778fffce5934ac658c80ada1fcc4c,WETH,3456.039192570809000000,9763099.65,2824.93892778
0x32809957fff30c8b837faed6730677da79ed7793,WETH,3451.017874616451500000,9748914.73,2824.93892778
0x7938d7f05f9a8dce7571e4f2fcfc3f453280a6cd,USDT,9500011.497950000000000000,9499950.98,0.99999363
0xe094a22330b1eb7d69bb6342a63c59c07c1a5b4c,USDC,9429541.936636000000000000,9426812.46,0.99971054
0x28376b3b5e891ca9aba834e2797a63f061af1039,USDC,9425732.966824000000000000,9423004.59,0.99971054
0x91c56a2763178fd8b7e574ad32f174869fadf1b2,WETH,3321.314184595485600000,9382509.73,2824.93892778
0x8fb388696010edc0c5d574b2f25b9629724acfe8,USDT,9333880.044380000000000000,9333820.59,0.99999363
0x91d735ae8abb177869464963595881285ab181f6,USDT,9285664.635894000000000000,9285605.49,0.99999363
0xae9746a85f7e08cbfd08db00edf9b6c21f592fec,USDC,9235925.093697000000000000,9233251.66,0.99971054
0x92b75a5bfb7be7911747276ad335b8f5da3ce0f4,USDT,9232330.247939000000000000,9232271.44,0.99999363
0xfcba81c19b20d2f2d7cea6e10647803ede7697c0,USDC,9223947.468679000000000000,9221277.50,0.99971054
0xa83d737dec6f4eb23b17217746a553ba3373f1ab,WETH,3262.830560191594000000,9217297.06,2824.93892778
0x1cebd13797636b94c5cad7108cebe42d2fce7732,USDC,9180534.408252000000000000,9177877.01,0.99971054
0xee7ca610d896c53ffe716b801c05748efd902954,USDC,9169721.596156000000000000,9167067.33,0.99971054
0xf6e2c92410635986f16d3cff67f5a74f86683923,WETH,3233.797796290130000000,9135281.28,2824.93892778
0x6703fe0e1ff189d8d8d2e0bf5a1f09554ada8fa8,WETH,3233.123779097821000000,9133377.22,2824.93892778
0x0180e063f78b94f50eb8e6b4a5cc0486cf64f8aa,USDC,9059546.058989000000000000,9056923.68,0.99971054
0xa32e350c5397b78fe31d8e65d6bfa3d2c58a2ebb,DAI,9038551.684370428000000000,9034746.45,0.99957900
0x4341135454a602d46b95acfadd88db967bcc35ca,USDC,9018094.837053000000000000,9015484.46,0.99971054
0x6559eb070ec5f3b6cd278f5d43433bee724b55bb,PYUSD,9000000.000001000000000000,8996942.70,0.99966030
0xa5704b9aa25e8945f581b8a85a7f9122a55bbc15,USDT,8971804.503532000000000000,8971747.35,0.99999363
0x705a56ced614f91b969f1915b386d789ab198d9c,WETH,3130.199594700309300000,8842622.69,2824.93892778
0x86c9c15c990fc5c8e4992a2b5833cc3358ba3e5e,WETH,3124.907833490152000000,8827673.78,2824.93892778
0xeb2a1125f1e14822d0708464b795baad6b9038ce,WBTC,100.940885180000000000,8797474.85,87154.72259016
0x4f7dd9c31c429296e7135e151fa2de59a49f7a82,WETH,3104.453801931535000000,8769892.39,2824.93892778
0x1033bac297115f4fcdbf9736edf4ac2a5dac0ef0,WETH,3104.451781828466000000,8769886.69,2824.93892778
0x1233b9b78d2d518f413f5a916793130727919220,WETH,3104.448882005368000000,8769878.50,2824.93892778
0x52ac69d63af2bda446b6d406ce006849bafa3117,USDT,8681243.048811000000000000,8681187.75,0.99999363
0x54b338e6cfd605dad2264b96b0a730fb2bdca9e4,WBTC,99.209642930000000000,8646588.91,87154.72259016
0x2290661dd55d8698599f63ea0f9e46b52e1f80d2,USDT,8543761.207266000000000000,8543706.78,0.99999363
0xaaf5feaa9e5694b2b293e67558e2da8ea4b1fb13,WETH,3016.465636609054400000,8521331.20,2824.93892778
0x52e02f0a43ea757d3c8b78745c99d8ddc33bfa26,GHO,8518690.158369520000000000,8515333.79,0.99960600
0x9d99c2fd19a7803de5691b2dba3b15b09fef37fe,WETH,3011.825811219215700000,8508223.98,2824.93892778
0xfad075025424f08e06037a9b18dc5f9941021053,USDtb,8492359.293748105000000000,8492359.29,1.00000000
0xc26b5977c42c4fa2dd41750f8658f6bd2b67869c,USDT,8443500.602624000000000000,8443446.82,0.99999363
0x230278fb77e0a8d8e4df2444d8020927ce5782a7,WETH,2986.660160879437000000,8437132.55,2824.93892778
0x93b4ed3c50cbd08a758827beb3cf3810fa00dd7d,USDT,8430584.285184000000000000,8430530.58,0.99999363
0x26c212f06675a0149909030d15dc46daee9a1f8a,USDC,8400468.117789000000000000,8398036.52,0.99971054
0x9ac60bd825eb8fd0240e4daf2646c1050830013e,USDT,8388876.136578000000000000,8388822.70,0.99999363
0x507b3f6d4f85c451f7914006c647391a1afb96d6,cbBTC,95.763008180000000000,8366197.71,87363.56416857
0x1a557354c5b8d7df38ea914209e416dc7065b158,WETH,2908.781843171081000000,8217131.06,2824.93892778
0x9d132a96db0a976e06d384ef69aeaa8bba11b698,WETH,2897.458824636234000000,8185144.23,2824.93892778
0xb7210a359cd2034126b8b2c8b95e748f04fffa38,RLUSD,8119071.451222073000000000,8116164.82,0.99964200
0x65c4c0517025ec0843c9146af266a2c5a2d148a2,USDC,8094354.410163000000000000,8092011.42,0.99971054
0x91eda28735ce089a8b5133476263c3fb8303c8ca,WETH,2860.715092992970300000,8081345.43,2824.93892778
0x51b772d972424bfc358dd24a1662770bf0631059,USDC,8073300.905133000000000000,8070964.01,0.99971054
0xedea3257476638dc7dea7adc074fa670755cbcac,WETH,2856.450845285684400000,8069299.19,2824.93892778
0x6286b9f080d27f860f6b4bb0226f8ef06cc9f2fc,USDC,8045257.080818000000000000,8042928.30,0.99971054
0x54b338e6cfd605dad2264b96b0a730fb2bdca9e4,USDT,8014482.492024000000000000,8014431.44,0.99999363
0x2f8d4e7b1d771932e1367ee46f4c7be11cd94ac3,USDT,8012315.020907000000000000,8012263.98,0.99999363
0x181cb55f872450d16ae858d532b4e35e50eaa76d,USDC,8010662.247982000000000000,8008343.48,0.99971054
0xb01ec8485bb3b7eaa7bb13c73645d91434a29bc4,USDT,8000000.000000000000000000,7999949.04,0.99999363
0x8d533fd40b84717aa89f25192d5494fdc01156d3,USDT,7997221.374749000000000000,7997170.43,0.99999363
0x5be9a4959308a0d0c7bc0870e319314d8d957dbb,USDT,7907715.513353000000000000,7907665.14,0.99999363
0x1ac0660eed3892117e55efcec6088aa6d04f7622,USDC,7895938.715892000000000000,7893653.16,0.99971054
0x4b441cd7c5085d0c255eff3db7ec3417cca1a1a0,WETH,2755.445957843343400000,7783966.55,2824.93892778
0xaf184b4cbc73a9ca2f51c4a4d80ed67a2578e9f4,USDS,7763557.355124058000000000,7762105.57,0.99981300
0xcd9d098594b78ee61e2f6921461ac17f16b28827,USDT,7596829.119838000000000000,7596780.73,0.99999363
0x77e19de48f43af1d150aaef2de7e7ab8f3e55360,RLUSD,7554191.925645201000000000,7551487.52,0.99964200
0xb7b7eb7e9611975bc9715f22ce7e6ee288296fd4,USDC,7485920.969457000000000000,7483754.09,0.99971054
0xf82d8c60402200114e2d5a8bdc40b1ef8f8ab0de,WETH,2645.813407678991000000,7474261.29,2824.93892778
0x25d2477f89fb29f6956c45d4dfda9d29eb187f4e,USDC,7365404.395907000000000000,7363272.41,0.99971054
0x2ba553d9f990a3b66b03b2dc0d030dfc1c061036,WETH,2600.478657586042600000,7346193.39,2824.93892778
0x44e8c2451e916c87dde3977dc80f6fb8a1e33b1d,USDT,7335592.246618000000000000,7335545.52,0.99999363
0xf151ed2caedbda83c17ae39d6990d92909fcf529,USDT,7331513.071464000000000000,7331466.37,0.99999363
0x44e8c2451e916c87dde3977dc80f6fb8a1e33b1d,USDC,7293373.617061000000000000,7291262.48,0.99971054
0xae3279da7e7d0d26066a1591464d2cacb55dbf7b,RLUSD,7241342.337434282500000000,7238749.94,0.99964200
0x72b38d35f7b1eedf1e1412f2146a76937fd38dd1,USDC,7214259.278129000000000000,7212171.04,0.99971054
0xeba958e17e20bcc638edf37e44fcddf5474ac9bf,USDT,7073360.198316000000000000,7073315.14,0.99999363
0xb4943d3d4d66bc1081abfc9ecf83e797e8a8d450,WETH,2503.827576335452200000,7073159.99,2824.93892778
0xe50f97374068f6f7f0d1c7a46893042fed87c923,WETH,2500.000000000000000000,7062347.32,2824.93892778
0x32a7deaeb6ca5bd8cc44cb577cee1e3c3a4292d5,USDC,7003082.101979000000000000,7001054.99,0.99971054
0x487828727cc97172205faeb8d15b3ee5d9924599,USDT,6994077.203150000000000000,6994032.65,0.99999363
0x9df8dd68c73b096cd9c0c4963fe89613df40a1cf,USDC,6970694.360332000000000000,6968676.62,0.99971054
0x8e0c666adb9a5823db854bfaf54d77affc451403,USDT,6958263.198689000000000000,6958218.87,0.99999363
0x055dc44976b2c1fa2344023162ae846eb6ab0f1f,WETH,2457.812640633911500000,6943170.61,2824.93892778
0x2db279e5e8d752dc0fc7de12829afe4b8cef4d84,USDe,6937177.389230199000000000,6931875.93,0.99923579
0xfc09d8c9a63670702c2de876ff95608ab971dcd6,WETH,2444.000000000000000000,6904150.74,2824.93892778
0x9afdabf77b7e56c1f7e8cb9eea191b5277b14e74,USDT,6900001.213159000000000000,6899957.26,0.99999363
0x5cdf46da16371230ed9dcb519e752d85056605ae,USDT,6878349.912592000000000000,6878306.10,0.99999363
0xcfd73d7867da130b20da492c583031782d63b449,GHO,6867426.834547592000000000,6864721.07,0.99960600
0xadfd7fa3ef9e23c3b44f2384dad5bb876f15e00e,USDC,6830194.363694000000000000,6828217.30,0.99971054
0xaf1931548fb335bf1dcec13e788dbaaa8b79a4d5,USDC,6790538.469860000000000000,6788572.88,0.99971054
0xc63a4f1072374ab8b2abc81bb1f3bf009fd49565,WETH,2395.088050837625000000,6765977.47,2824.93892778
0xbcd4371f0a236b1eab5d0d5620471719f449451e,USDe,6769446.047665648000000000,6764272.77,0.99923579
0xa7393d2f073eadd425b254a60e72c464e8fa4c20,WETH,2392.998718370526600000,6760075.23,2824.93892778
0x2d8873c5270c64c66e831e1e359f88f9e81a91fd,WBTC,77.187047420000000000,6727215.71,87154.72259016
0xd71f4423e097888af07e2ceac0e71b9a43f64a1f,USDT,6618117.612413000000000000,6618075.46,0.99999363
0xfacc714a5c5c962834bbb7fde948b7262277e007,USDC,6591254.791896000000000000,6589346.89,0.99971054
0xcf95085403e67b980c01dd4347b4adcf883e6843,USDC,6577934.725679000000000000,6576030.68,0.99971054
0x0073fb840b180776b6aec1a4af633c70ef40a5d3,WETH,2325.000000000000000000,6567983.01,2824.93892778
0x3b6df4f797925b29777d74127b891ad8cd8844ca,WETH,2298.128969587797000000,6492073.99,2824.93892778
0x91cfbce901ebec39e5fcd4416893a5632b6da004,USDT,6408785.662864000000000000,6408744.84,0.99999363
0x53db19930bb0a817cb633248401fe0c1e6f38b04,USDT,6403859.028796000000000000,6403818.24,0.99999363
0xa971f820fcd1e0166d8bb64f254a8aed6f295643,WETH,2246.571943523698300000,6346428.54,2824.93892778
0x9c07627d108455985fbcc15863e15c0b07be9226,USDe,6309520.642102023000000000,6304698.84,0.99923579
0x9e14e0476d3fd47b43ea2868b1631bd418298e96,USDC,6283219.308846000000000000,6281400.57,0.99971054
0x01d1f55d94a53a9517c07f793f35320faa0d2dcf,USDT,6279393.356297000000000000,6279353.36,0.99999363
0x18c94f543ebf88ad7a1ad0d8514039ec1d9f237a,USDT,6093795.188446000000000000,6093756.37,0.99999363
0xdaf585a5869ca7c1c0b1b9896ecdf314668d3f55,USDT,6069089.157474000000000000,6069050.50,0.99999363
0x75c97a4b805f1ea755321664e0a4465739886101,DAI,6030043.177554848000000000,6027504.53,0.99957900
0x109578184cc1f5b96db95c65022532b273d03d42,USDC,6016472.304374000000000000,6014730.78,0.99971054
0x030c4da3889f135ae46febd29ce05053d58669bd,EURC,5178535.042888000000000000,6007100.65,1.16000000
0x15b325660a1c4a9582a7d834c31119c0cb9e3a42,USDC,6004492.539822000000000000,6002754.48,0.99971054
0x0ea129c1bdb8f8aba308bec6214357988dbc3ff2,USDT,6000000.000002000000000000,5999961.78,0.99999363
0xc2c5ad1a018ffd61fdcf94e5bfc6af863ae5873e,USDT,6000000.000001000000000000,5999961.78,0.99999363
0xafa8a3a41379dc0275ebdc1b6d6be97b878f7731,USDT,6000000.000001000000000000,5999961.78,0.99999363
0x487828727cc97172205faeb8d15b3ee5d9924599,USDC,6001633.951847000000000000,5999896.72,0.99971054
0x3ee301d27fd556eca7aaa8c50cdbd461577c42a6,USDC,6001190.984667000000000000,5999453.88,0.99971054
0x43519041b20605093bfe5f922963e68f59e8ded5,USDT,5998938.633474000000000000,5998900.42,0.99999363
0x8fdc74bad4aa20904a362d4b69434a0cf4d97f43,USDC,6000000.000002000000000000,5998263.24,0.99971054
0x83704e750fd9c3204e1616654ae7a54563f22d87,USDT,5990423.274608000000000000,5990385.12,0.99999363
0x6286b9f080d27f860f6b4bb0226f8ef06cc9f2fc,USDT,5952363.923500000000000000,5952326.01,0.99999363
0xc70f915258483d65c3c562483653397d6b371858,USDC,5950008.382743000000000000,5948286.09,0.99971054
0xa740c1d26d690a34223b06d41b1268b2d0d7b5b6,USDC,5933947.140655000000000000,5932229.50,0.99971054
0xffcec675de3af138fc125737236f62200b668450,USDT,5931108.556704000000000000,5931070.78,0.99999363
0x0f922a15561dbad53b8f6ed25be18897e7c5c5ea,USDC,5896778.336795000000000000,5895071.46,0.99971054
0x1a8c730c2ad5faab9fe0d7ee5bfd750e044a111d,USDT,5828418.618619000000000000,5828381.49,0.99999363
0x0fe15b65136ab92a3f9ce83cceb9e0663f1efaa6,USDT,5814792.413774000000000000,5814755.37,0.99999363
0xb39c9e0e764b5c52e6cf4b968fc25bdd1b9678d4,WETH,2055.977990281684000000,5808012.26,2824.93892778
0xc5655450d4d738869d003b24b4ded842cea5af78,cbBTC,65.518461900000000000,5723926.35,87363.56416857
0xead68675ecfbe8bfb5f7b7b039dd3bf48e27b64f,WETH,2005.877533986085400000,5666481.53,2824.93892778
0x1a8c730c2ad5faab9fe0d7ee5bfd750e044a111d,USDC,5658969.651332000000000000,5657331.61,0.99971054
0x51e49ce1f4ace38ac815cfe2cef14397cd9932fb,RLUSD,5651475.793060150000000000,5649452.56,0.99964200
0x9a604718a23a01b649e316fd4942378709a8f865,USDC,5611869.558756000000000000,5610245.15,0.99971054
0xff8432ea93ce82ef9a8a7fbd2ed160ad9eda732e,WETH,1985.474766875136300000,5608844.96,2824.93892778
0x027580f5e3f4324b9141342ac7e66beb74c57193,USDC,5590765.025013000000000000,5589146.72,0.99971054
0xe3292ce7cbbb9b4b81119d638abaa2519e7a02ac,USDe,5553308.475876172000000000,5549064.58,0.99923579
0xd76f1c2764a5f22548713cde767b5b752170d6d7,USDT,5540389.723133000000000000,5540354.43,0.99999363
0x8324146852a37975a7100e156531d5503cb51609,USDC,5531288.134088000000000000,5529687.05,0.99971054
0x4127143a866bf5d8ad2afb6de8e63164b8ad5bf6,WETH,1952.809786927954700000,5516568.39,2824.93892778
0x71c51b662bdd5d831b0ce0684505ecd3cdee1cb7,USDT,5489491.952888000000000000,5489456.98,0.99999363
0xe0800b2b28425d476bd115cd9e4c6522fdf3d286,USDT,5450000.000000000000000000,5449965.28,0.99999363
0x8a25d8c9fa8c7a726137f2d618d85cbc2c083f78,WBTC,62.117866920000000000,5413865.46,87154.72259016
0x34bf8dcb3ed8cf8aab57b1d8330cab8ba5246708,USDT,5392172.380592000000000000,5392138.03,0.99999363
0xbd8b59c17f0fcdb6486f4c604174eab5a8877c6a,USDC,5338728.406297000000000000,5337183.06,0.99971054
0x6b9ee75dbffd6b7d5706991ac7e7ae5363b484af,USDC,5317780.924265000000000000,5316241.64,0.99971054
0x86c80d06f3c1638c2c87a1041005786c0129bfc2,USDC,5275247.329292000000000000,5273720.36,0.99971054
0xbbbc35dfac3a00a03a8fde3540eca4f0e15c5e64,USDC,5260873.561747000000000000,5259350.75,0.99971054
0x8aecc5526f92a46718f8e68516d22038d8670e0d,USDC,5200000.000002000000000000,5198494.81,0.99971054
0x49ae763ed846db9a69a639732caa320fad1d5799,wstETH,1500.027914749467000000,5171171.98,3447.38382951
0xeb294e51cf2e5c3f6749252fc18d8e1b9c6bdd3c,USDC,5167263.399254000000000000,5165767.68,0.99971054
0xc7f07bfdd7d6b46b31e850f9f7b28cdd3d26e035,USDC,5149038.901785000000000000,5147548.46,0.99971054
0x1dc2c9cbaa00e96291090c9749dcf95604929d7c,USDT,5135283.994806000000000000,5135251.28,0.99999363
0x5299b53ea29199dd2b2231f73390fbfbd01938ff,WETH,1811.757543549428000000,5118104.41,2824.93892778
0xa149612889184c5cf1b14ee82ff05b6fbce6899d,USDC,5083315.074106000000000000,5081843.66,0.99971054
0x31078100f05988e15407aac745fcd141f9440475,USDe,5077000.000000000000000000,5073120.11,0.99923579
0x9a6c741c95a138e6de1f3464a0ab6166926abfaa,USDe,5067216.715102777000000000,5063344.30,0.99923579
0x01329db67e9a963695c65766a298f9876e87def4,USDC,5006710.055139000000000000,5005260.81,0.99971054
0x0cd7efcd2c6c68c1f7564893da024032b7ab1477,USDT,5001972.978822000000000000,5001941.12,0.99999363
0x657e21723ae99c05c9c2a6032343c7865bcb1940,USDC,5003239.978888000000000000,5001791.74,0.99971054
0x4789a334dc66b03b2a3d554a86cfd3959e88ab48,USDT,5000000.000002000000000000,4999968.15,0.99999363
0xa152677361aca6c5f633096c0d24fd0a1f2eb64b,USDC,5000000.000004000000000000,4998552.70,0.99971054
0xac860a0b1c178303a7f085f3842a157e91a241b1,USDC,5000000.000001000000000000,4998552.70,0.99971054
0x0c883bacaf927076c702fd580505275be44fb63e,RLUSD,5000000.000000000000000000,4998210.00,0.99964200
0x39d787fdf7384597c7208644dbb6fda1cca4ebdf,GHO,5000000.000000000000000000,4998030.00,0.99960600
0x8879ae6c281495a5d40dce8015bc3bbf7b109233,USDT,4985301.003294000000000000,4985269.25,0.99999363
0xdb6e9e7390e9acc34619e56efa48ade01cff6f12,WETH,1758.943083265197200000,4968906.79,2824.93892778
0x6e1784b360f1becb692fcf8393a699811af90733,USDT,4939431.198080000000000000,4939399.73,0.99999363
0x840cffa2a3a6f56eb2f205a06748a8284b683355,WETH,1741.324672098655400000,4919135.85,2824.93892778
0xfb4cb868727d9622258bf2b26a8cfc95f6742669,USDC,4896164.655058000000000000,4894747.41,0.99971054
0x2eca594e41cab2511855c5c0319e3ad4459b08dc,USDT,4880926.952278000000000000,4880895.86,0.99999363
0xd9fd2a6f7127e23cc0a1187bfd56f113beaaea14,USDT,4880016.382520000000000000,4879985.30,0.99999363
0x6a73204db71f8e054bf9a0680b02ae96f700b595,USDC,4787544.618052000000000000,4786158.82,0.99971054
0x10314a9f673476f313a598778fea9cb694856500,WETH,1687.999916986176500000,4768496.68,2824.93892778
0xa4aca4f6dfb62681fc0ec4cf662bd19cca15ebb9,WETH,1682.623686782467800000,4753309.15,2824.93892778
0x1eb7764bc684b8ea2285b4ca431ad465f989103c,USDT,4747394.442872000000000000,4747364.20,0.99999363
0x98c3c0d704a99f7739c466c9d85d186d0d494945,USDC,4732609.545032000000000000,4731239.64,0.99971054
0x3ee505ba316879d246a8fd2b3d7ee63b51b44fab,USDC,4728707.263512000000000000,4727338.49,0.99971054
0x83e3e8c045db446203d967e092172da7185e4bd8,USDT,4724847.379077000000000000,4724817.28,0.99999363
0x16f037a3ddf53da1b047a926e1833219f0a8e1fc,WETH,1671.434530417616300000,4721700.47,2824.93892778
0x924cafec4f967be5df085ad94d8d50574f9a2bb0,USDC,4683544.577816000000000000,4682188.88,0.99971054
0x93451c4e47a3aca9629add4b0b60707e3f19a15a,USDT,4650294.303449000000000000,4650264.68,0.99999363
0x2388dd8e034e466d1347bb98020dcf5a6dfdca9f,USDC,4640824.014323000000000000,4639480.68,0.99971054
0x5792158f2736f261b1e99fa5b791fc4c36a84619,USDT,4632850.441793000000000000,4632820.93,0.99999363
0xa45420a6f2bb98406b6c6a5cc1670b7c92407e2b,USDT,4613031.238534000000000000,4613001.85,0.99999363
0x2f7e8293e3f7ba8647d56a7d019d478794e1a0d1,USDT,4572348.114672000000000000,4572318.99,0.99999363
0x31a5074c519c35237648fa9080e2df87d217bc30,USDT,4572346.525434000000000000,4572317.40,0.99999363
0x6723f512657fb15858089704d546215913effef3,WETH,1618.295568503479000000,4571586.15,2824.93892778
0xca865bbf6a30c510beee0e6c2b500a71399e5f38,WETH,1607.413468559838500000,4540844.88,2824.93892778
0x1be8b8bd3126f919245e3664887b762db7546d2a,USDC,4500658.378751000000000000,4499355.62,0.99971054
0xfe6d5fefcf7fc762f700ae73810fea0cd7840bb4,USDC,4500002.413952000000000000,4498699.84,0.99971054
0x507b3f6d4f85c451f7914006c647391a1afb96d6,RLUSD,4500000.000000000000000000,4498389.00,0.99964200
0xc9a4ced896d3e469b3166a482b35cba5020df947,USDC,4462658.713110000000000000,4461366.95,0.99971054
0x815f5bb257e88b67216a344c7c83a3ea4ee74748,USDT,4459211.756444000000000000,4459183.35,0.99999363
0x0514f2f3e0277c47117e3f33d9390efb0acfbdfe,USDT,4450383.405553000000000000,4450355.06,0.99999363
0x2ff03db08891c0411b4b8434f28c64de428ec3ed,USDT,4449942.893695000000000000,4449914.55,0.99999363
0x560fb4225020987563c8a3c0850e4ca3dc457be3,USDC,4446066.969605000000000000,4444780.01,0.99971054
0x0773ba87a7e1df71c547ee75b1fea7cd9749e619,USDT,4428843.380689000000000000,4428815.17,0.99999363
0xe40d278afd00e6187db21ff8c96d572359ef03bf,EURC,3815556.635185000000000000,4426045.70,1.16000000
0xd2a838a15f54bc813170e3aba2ffe1e53f242ec6,WETH,1555.108304685850300000,4393085.99,2824.93892778
0xf6123c482f3c5b1bbfc2272a8cd117939d1a6acb,USDT,4390498.325823000000000000,4390470.36,0.99999363
0x610852ad61eeba83f54006d88f236992e436e38f,USDT,4375908.868756000000000000,4375880.99,0.99999363
0xa7bec8049f39f3f9e6099153af732311ef46be21,USDT,4370731.573032000000000000,4370703.73,0.99999363
0xdd9bd62d1c08210fdda6f841ed5196b45a939625,USDT,4364037.880304000000000000,4364010.08,0.99999363
0x1e57178029f1b90bcfd86431f11ddb918df7f50b,USDC,4351207.479702000000000000,4349947.98,0.99971054
0x0a1518f439b81f8aa896113227d0ee17314ef67e,WETH,1536.601041124198400000,4340804.10,2824.93892778
0xb554b9856dfdbf52b98e0e4d2b981c34e20e1dab,WETH,1527.055103911916400000,4313837.41,2824.93892778
0xc2c5ad1a018ffd61fdcf94e5bfc6af863ae5873e,USDC,4286324.169756000000000000,4285083.45,0.99971054
0x28376b3b5e891ca9aba834e2797a63f061af1039,USDT,4254213.118675000000000000,4254186.02,0.99999363
0xc238d8f8064322934f82200b1790ec83a9dcf485,WETH,1496.356714801454700000,4227116.33,2824.93892778
0x6b9ee75dbffd6b7d5706991ac7e7ae5363b484af,USDT,4224628.398226000000000000,4224601.49,0.99999363
0x91bd6fe7087e50af776e454f7948742da9b058a9,USDT,4218584.671176000000000000,4218557.80,0.99999363
0x0ce753a5fc611abb0ea4876d5b894ff56ac2d56a,USDC,4200000.000002000000000000,4198784.27,0.99971054
0x26a58af72eff53ddaa064a9df86e8ec3184bee95,USDT,4190000.000001000000000000,4189973.31,0.99999363
0x2207ff1218db094a719e9af5bc74036a596787fd,WETH,1483.031513000000000000,4189473.45,2824.93892778
0xa937f63ba1d69fd7e022fd50628b6d8fcfbde52d,WBTC,48.062076100000000000,4188836.91,87154.72259016
0x60d66f312939fe938c963637fa48700b0129f650,USDT,4166271.901006000000000000,4166245.36,0.99999363
0x0156a98f1b82045c10cab22a0640f808fe21beea,cbBTC,47.300569430000000000,4132346.33,87363.56416857
0xe05da47b1606f0b13f54562b43fdfb994316bee3,WETH,1456.598533072163300000,4114801.90,2824.93892778
0x5e0481cad8bff5453635f4770f44b2194ddf6e02,USDC,4115193.582887000000000000,4114002.40,0.99971054
0xbbd01f9b63ae317c55b9a6837c51bb2b6394b5d5,USDT,4105851.564302000000000000,4105825.41,0.99999363
0xa5a9b9ed4175130a8168419e427f01f655705c41,USDT,4105657.187070000000000000,4105631.03,0.99999363
0xe56a192ab8571628ab1ade27dfc2f0cf47221eae,USDC,4061580.133339000000000000,4060404.47,0.99971054
0xf195e5f7f3562805cf50012bf16f2138760a3b52,USDC,4060959.106409000000000000,4059783.62,0.99971054
0x733e9e4d5647fb3e6c02ccaaa29dc7cddce9f66e,WETH,1434.551339613727800000,4052519.92,2824.93892778
0x2de19e81525fd5d74c7cbbbcca585807a9018c40,USDC,4052797.266875000000000000,4051624.14,0.99971054
0xcc997fe9fdd5957ca3060af68318f754d75016d3,USDC,4045265.520616000000000000,4044094.58,0.99971054
0x9087f0ef2a79f67171bfde8ef38418180338aad7,WETH,1427.637147397746500000,4032987.75,2824.93892778
0x34bf8dcb3ed8cf8aab57b1d8330cab8ba5246708,USDC,4029113.428100000000000000,4027947.16,0.99971054
0x70fce97d671e81080ca3ab4cc7a59aac2e117137,USDC,4016005.322660000000000000,4014842.85,0.99971054
0xaa2461f0f0a3de5feaf3273eae16def861cf594e,USDT,4000000.000002000000000000,3999974.52,0.99999363
0x526e960225ede1d6e5ca9d140cd7d074e6322783,USDT,3999493.552457000000000000,3999468.08,0.99999363
0x76be51aa94fb1c9632107349aab0488d878e4395,PYUSD,3991076.474892000000000000,3989720.71,0.99966030
0x892745942a4f2c9a0d92f461c89f97818d8df140,USDT,3989047.731852000000000000,3989022.32,0.99999363
0x407c5bf6c5d1efc6aabe6a7fe5107837dc65a0c8,USDT,3935513.249490000000000000,3935488.18,0.99999363
0x8cb4250518ba9f9a351aa35088c4412b80b64c30,WETH,1392.089713732965500000,3932568.42,2824.93892778
0x14b7ebc9ce7ebcd2048be0e0607abc628b0b1f1a,WETH,1390.343551785533500000,3927635.62,2824.93892778
0x39c66b35a98e82968944d2e43b39050e56c6448e,USDT,3895561.696061000000000000,3895536.88,0.99999363
0xbccbc9fc2d1d9e9abd0ca132be816bd4f6051b86,USDT,3881639.496948000000000000,3881614.77,0.99999363
0x7974b46e7940de2c4d6458c053bdbac0bf111683,USDC,3862313.474792000000000000,3861195.49,0.99971054
0xabc39c4760c20dd3664213b4d50513838862598d,USDC,3841722.798982000000000000,3840610.77,0.99971054
0xf0a3ea54a0497f60b0e16da289f006c105209fa0,USDT,3836836.430177000000000000,3836811.99,0.99999363
0x0863b4b79d561d328e96c7b5b78c8c884f0dead4,USDT,3803502.512876000000000000,3803478.28,0.99999363
0x0d402f421baa1104320f2054074deff1de1bd1ba,USDT,3800047.690702000000000000,3800023.48,0.99999363
0x9fa66e265939fd2a8000cfd341a745ecc5f28a2d,USDC,3760840.531914000000000000,3759751.92,0.99971054
0x588b530e0d6d5c15afd56012434752296d70b36b,USDC,3712477.076033000000000000,3711402.46,0.99971054
0xbbd01f9b63ae317c55b9a6837c51bb2b6394b5d5,WETH,1310.000464272707200000,3700671.31,2824.93892778
0xc9aefca21844fdb3fe8f58d883f908991d757692,USDT,3676878.489341000000000000,3676855.07,0.99999363
0xc25d35024dd497d3825115828994bb08d12a3aa7,WETH,1300.789157211438000000,3674649.93,2824.93892778
0x4d43aadee75419a4535400dee43690b5fe8c64e9,USDC,3668438.313871000000000000,3667376.45,0.99971054
0xdb34fbb4e7989c3f8957e9e9b346bf46ee0f0408,USDT,3658069.365160000000000000,3658046.06,0.99999363
0xc8af7076de5634497e10ebf21325da49cd5de464,USDT,3639692.011440000000000000,3639668.83,0.99999363
0xa580fe412dfbc2754bf0b9006075bd4b64a6752b,USDC,3616475.415201000000000000,3615428.59,0.99971054
0x0b32aa5c1e71715206fe29b7badb21ad95f272c0,USDT,3597834.511655000000000000,3597811.59,0.99999363
0x337132ae95a795caf32a28ddda9a66646b6ee01b,USDT,3587318.499740000000000000,3587295.65,0.99999363
0x898a5bd11601fd9101da787c88efe8246e96dddd,WETH,1263.474941382314700000,3569239.55,2824.93892778
0x171cc57ca8633532a597ed7056a9e4d380995370,USDC,3536214.527469000000000000,3535190.93,0.99971054
0xe094a22330b1eb7d69bb6342a63c59c07c1a5b4c,USDT,3510000.000000000000000000,3509977.64,0.99999363
0xe5d31ab47ae9b1336dbd7a20552b4f12796c5489,USDC,3505747.109173000000000000,3504732.34,0.99971054
0x2079c29be9c8095042edb95f293b5b510203d6ce,GHO,3502095.219138441600000000,3500715.39,0.99960600
0x34669322bdfca9e801ca334e7b0e6d69d1f87137,USDC,3500000.000001000000000000,3498986.89,0.99971054
0xb4d3bea9d824c4dd7ded7ccc93e6212e3f0b186a,USDC,3500000.000003000000000000,3498986.89,0.99971054
0xa449733b3a6d26c664afab48e561c8f88bb6782c,WETH,1231.691852702353100000,3479454.26,2824.93892778
0xf11f43fe9cc29a6abb98b0badedf36b0bf03b3bd,USDC,3475515.879626000000000000,3474509.86,0.99971054
0x64cd3fe6a08796f8fa77dd09140ae0f309f79812,USDT,3472410.203598000000000000,3472388.08,0.99999363
0xad4618702998e39697e8ea5b6dc0103463cec212,USDT,3453387.868046000000000000,3453365.87,0.99999363
0x9332d0ce5d45184515e0ea85bf9f4af09cbf10af,USDC,3450612.878180000000000000,3449614.06,0.99971054
0x757db7c1d65b1d3144e2afb3de8aa3d6ee87594c,wstETH,1000.007108964779800000,3447408.34,3447.38382951
0x4df0bd70dc9ad30f5c742a4bd2c0ec1b4b1af965,wstETH,1000.000000000000000000,3447383.83,3447.38382951
0xddb4c8adca21fb042616a6e01bef07de956946f2,USDC,3440000.455889000000000000,3439004.71,0.99971054
0x65859153491f44e2226ca6ae37347c855158a4fb,USDT,3436656.406155000000000000,3436634.51,0.99999363
0xa4111a2905b38377f0eac186eca7686a12ff11f9,USDT,3425105.600836000000000000,3425083.78,0.99999363
0x249eb5069256154162735f5e48e4a54672c82914,USDT,3408087.936536000000000000,3408066.23,0.99999363
0x10f55124d18fdb27acce089160185f716a7aebd7,USDC,3400000.000002000000000000,3399015.84,0.99971054
0x826f277664a350addcd66ee6b7b3d1a522ab3cdf,WETH,1201.615463438520700000,3394490.30,2824.93892778
0xf6123c482f3c5b1bbfc2272a8cd117939d1a6acb,USDC,3391333.138649000000000000,3390351.48,0.99971054
0x5043f27bcf64c21992294ff882b4bc16042e8083,GHO,3383966.473059475000000000,3382633.19,0.99960600
0x11ec133ec18d2a7ecc48898c84e4395b961f1359,WBTC,38.810778460000000000,3382542.63,87154.72259016
0x8bffe4024468f434e164a805d2f944c307f3628b,USDT,3380860.545955000000000000,3380839.01,0.99999363
0x6fcfb789a593762557177fe9548e44d166f91ed4,USDT,3375622.624284000000000000,3375601.12,0.99999363
0x0b5a6a15b975fd35f0b301748c8dabd35b50d8c5,USDC,3366878.613631000000000000,3365904.04,0.99971054
0x8ef2f341d145d22d0b5516dd54acbdd978053630,USDC,3344711.595214000000000000,3343743.43,0.99971054
0x4467e0693152b06bbe71d0464c00d02f212cd28d,WETH,1175.558211467624000000,3320880.15,2824.93892778
0x08c14b32c8a48894e4b933090ebcc9ce33b21135,USDC,3302621.442144000000000000,3301665.47,0.99971054
0x38a3f675970f85deba1839b5d46bd9ef5d3214a9,USDC,3299567.680549000000000000,3298612.59,0.99971054
0x5b77fff51e506f3966a323ea0d52afd827699bd1,USDtb,3297365.343392514600000000,3297365.34,1.00000000
0x9996623cb9ede69562537a08d08d606d8d098b9b,USDT,3296250.584757000000000000,3296229.59,0.99999363
0x37fba038dda028276bcfd832fee9d8729218ad4c,USDT,3266272.093988000000000000,3266251.29,0.99999363
0xf6cd9e8415162c8fb3c52676c7ca68812a34f76e,USDC,3241700.141425000000000000,3240761.80,0.99971054
0x02bee1a4e0303d389bace558cf3ea944b95994f5,USDT,3240697.102746000000000000,3240676.46,0.99999363
0xebc43f6d73b657c3e4824dce4cec55dcd59439b0,USDC,3230648.115824000000000000,3229712.97,0.99971054
0x427b611fa78cfaeef218a9cf0add61d8dd9d8cb4,WETH,1138.806420343861200000,3217058.59,2824.93892778
0x62c7d15dc4268ce173cb9398d3ceb8a22b85d1a5,WETH,1136.374401063071200000,3210188.28,2824.93892778
0x18d9097791f4983553670a6c6a251fcb75882615,WETH,1135.072713059013300000,3206511.09,2824.93892778
0x46e4f1ec613faa131722fe26234b892f0a7e81fc,USDC,3200152.555231000000000000,3199226.24,0.99971054
0x14bcd9da052cdc6fe0b9446d5a616d5b7b4d4550,USDC,3198915.762081000000000000,3197989.80,0.99971054
0x236f968b3e9cc45d6d86bc95386a27c8051ab1ce,USDS,3188980.271827496600000000,3188383.93,0.99981300
0xdbd1bac81ad581c7198c9d155ca468f32a0c29dd,USDT,3186312.938907000000000000,3186292.64,0.99999363
0xe7da19d08df73c9371080a14b8e6fdca9243e16e,USDT,3184119.099975000000000000,3184098.82,0.99999363
0x5b661b1773d0e442261be0b0df8a6a5863e75083,USDC,3160112.707693000000000000,3159197.98,0.99971054
0xea03e659a2e59c3715c6517afe58541be162161a,USDe,3157156.047358534300000000,3154743.32,0.99923579
0xb2c9cb778a3b995f30d1dadb66d1f12372decf17,RLUSD,3153153.526661222300000000,3152024.70,0.99964200
0x69d60ffeed146bd21f7d81dbfdb9dfadb9dbe9c3,USDT,3122396.895091000000000000,3122377.01,0.99999363
0x601579066f47a1c42796da5678ee4a32e6240d51,USDT,3101707.469981000000000000,3101687.71,0.99999363
0x571da526384e407a72c5229163e2824be56044fc,USDT,3090213.088970000000000000,3090193.40,0.99999363
0xe71cbf47fff309813bcea54f3ecf49a5f129264d,USDe,3085522.858620251000000000,3083164.87,0.99923579
0x7cc2ca053296ceeb6a865d11eb7b15d8bcbf45a0,WETH,1090.422385044260600000,3080376.64,2824.93892778
0x412b9f917ea51238371dbde84a9d81b2807b72bc,EURC,2646826.913068000000000000,3070319.22,1.16000000
0xddf6b5699b0c03382d9b45c8434d206890985e7e,WBTC,35.146588470000000000,3063191.17,87154.72259016
0x16abe651d7705c59728efe5ce306cd81eaa16a3b,USDC,3053123.207109000000000000,3052239.45,0.99971054
0x63265e50ff8e7722ebc40034700e86b0412c900b,USDT,3036686.126274000000000000,3036666.78,0.99999363
0xf76d0835f76aa8f6c041f5f5885b13c374ca2dd4,USDC,3037041.299320000000000000,3036162.20,0.99971054
0x10e2e0657b9306fc12e1a86ca56935a8c5cacceb,USDT,3034001.745279000000000000,3033982.42,0.99999363
0x96fc07d730b514d5318eddd94289578d4545505e,USDC,3031370.649581000000000000,3030493.19,0.99971054
0xdbd1bac81ad581c7198c9d155ca468f32a0c29dd,USDe,3023323.485248828000000000,3021013.03,0.99923579
0xe3efe389b8a40dbc16a92e88c34534ddf82d8be4,WETH,1069.233588411483200000,3020519.59,2824.93892778
0x5eeae9914daede53b3e770c3d58a59399fbc4af9,WETH,1068.540868518169900000,3018562.70,2824.93892778
0x24c1abdd4afd314747bbb1579a1e95dfc40ec73d,WETH,1067.508966562147400000,3015647.64,2824.93892778
0x01329db67e9a963695c65766a298f9876e87def4,USDT,3013667.607584000000000000,3013648.41,0.99999363
0x3ecaea0955a099afda83e3545bd9bcf40b85f381,WETH,1066.388512852307700000,3012482.42,2824.93892778
0x42283fa21d5642c1744c2888f041ddea5d79149c,USDT,3010773.495653000000000000,3010754.32,0.99999363
0x2e2b6070bec9be9f50887cfe306ac6ca93002fab,USDC,3009331.158158000000000000,3008460.08,0.99971054
0xc367f7e88a5684a7712c29282fb41765281df68f,USDT,3005699.824017000000000000,3005680.68,0.99999363
0x645e0dbdb5fc2594b8913d7d7c627afe250ab550,USDT,3002638.035580000000000000,3002618.91,0.99999363
0xcd5b8d59c614bfdf4c9df6864c8a426e093a17b4,USDC,3002015.656156000000000000,3001146.69,0.99971054
0x1e110343ed23533c5009f1786038616279a66677,USDT,3000000.000001000000000000,2999980.89,0.99999363
0x236f968b3e9cc45d6d86bc95386a27c8051ab1ce,USDT,3000000.000001000000000000,2999980.89,0.99999363
0x09d0d815cd6cc2ab86cf61cbdd5aa14ac0020866,USDC,3000000.000001000000000000,2999131.62,0.99971054
0xeb2a1125f1e14822d0708464b795baad6b9038ce,USDe,3000000.000000000000000000,2997707.37,0.99923579
0xb8462cdc4a214694b029870448cfd32ddfbd05f9,WETH,1059.369681396480000000,2992654.65,2824.93892778
0x68e7e72938db36a5cbbca7b52c71dbbaadfb8264,USDC,2990596.892441000000000000,2989731.23,0.99971054
0x54be3a794282c030b15e43ae2bb182e14c409c5e,USDT,2988751.598496000000000000,2988732.56,0.99999363
0xe0af41debfecaff241b2b275541344d9fb4c30af,USDC,2987777.813232000000000000,2986912.97,0.99971054
0xe4bbe2f185fb37effc311c190d0db2ec8eb46893,PYUSD,2977566.572702000000000000,2976555.09,0.99966030
0x6dc12064abf4ae32b28749b124063f601ef3fd9a,USDT,2974606.333301000000000000,2974587.39,0.99999363
0xd2ac55ca3bbd2dd1e9936ec640dcb4b745fde759,USDC,2971194.859310000000000000,2970334.82,0.99971054
0x144e9c479ce1a6a239579b19960a34a244ca981e,WETH,1045.961857652541800000,2954778.37,2824.93892778
0xd7583e3cf08bbcab66f1242195227bbf9f865fda,WETH,1040.001551562539100000,2937940.87,2824.93892778
0xebce5936d8bb62a1ec7350e17ccc559d0394fddb,DAI,2934168.068358173600000000,2932932.78,0.99957900
0x588b530e0d6d5c15afd56012434752296d70b36b,USDT,2930000.000003000000000000,2929981.34,0.99999363
0xdb3571851b7a29083c29bbb33ac89a528d87f7b9,USDC,2917096.190416000000000000,2916251.81,0.99971054
0x665671de9ac530d7bb982bc440be9741d25c3eb0,USDT,2912665.238088000000000000,2912646.68,0.99999363
0x0d18d7c855668eb1ba06005b199838f38e00d7e3,USDT,2862323.885118000000000000,2862305.65,0.99999363
0xc65b975d471d33a83a746bb69fd72a84b57adb93,GHO,2862193.278694270000000000,2861065.57,0.99960600
0x12aec257cae91e6fe63d8a265688ed872cbe0e47,USDT,2854513.369236000000000000,2854495.19,0.99999363
0xe5a5901bd4f22ebea7d2abfc842355eba0aaa0e4,USDC,2826033.556901000000000000,2825215.53,0.99971054
0x6eb945cc9e5b59f9561f2a1cde54cf18dd81b64e,USDT,2813307.132207000000000000,2813289.21,0.99999363
0x99c04ae385e3c247d8af67b193357b79ade10cf2,WETH,993.727517766056700000,2807219.55,2824.93892778
0x294125ebe0a93815a68e0165935c521275e2dc1e,USDC,2807614.421447000000000000,2806801.73,0.99971054
0xe154ee67cc3b48ec5b5e597854b9fa1c68bbfdef,USDT,2799710.018254000000000000,2799692.18,0.99999363
0x5130985ce6a0e54f369712cd6f2fdec084026e54,USDT,2795063.036931000000000000,2795045.23,0.99999363
0xdd38127788f0247ca387717f9e5ba3ce66685b7a,USDC,2789964.152495000000000000,2789156.57,0.99971054
0x6ea0088cae8eb6e3d9cb55fbe43e6d1b669a15eb,USDC,2786364.597101000000000000,2785558.06,0.99971054
0xcde24a1923d3657b808d66b9617b4dd0c0d6c0c2,USDT,2785338.126418000000000000,2785320.38,0.99999363
0x96fc07d730b514d5318eddd94289578d4545505e,RLUSD,2779099.277352452300000000,2778104.36,0.99964200
0xf44431967d8b3ae3a2a994ac9fcc74a8d35f9156,USDT,2777311.119551000000000000,2777293.43,0.99999363
0x7b852ebc448b3638f971bac2c463db6578634f11,USDC,2776324.654092000000000000,2775521.02,0.99971054
0x8e51a91ffa872d2cb9651f5bf310d9c3357716c0,USDT,2772629.515603000000000000,2772611.85,0.99999363
0x35f0686c63f50707ea3b5bace186938e4e19f03a,USDe,2767867.759056289700000000,2765752.53,0.99923579
0xd71f4423e097888af07e2ceac0e71b9a43f64a1f,USDC,2760363.868356000000000000,2759564.85,0.99971054
0x508e41dd4fea917012eb6578fcc177ee3e05fda8,USDC,2758628.728480000000000000,2757830.22,0.99971054
0x01d1f55d94a53a9517c07f793f35320faa0d2dcf,USDC,2757992.611945000000000000,2757194.28,0.99971054
0xcf487f0bbca7fee1369617c393bc29d8cec03874,EURC,2367947.299726000000000000,2746818.87,1.16000000
0xa2e438cc6daf4e978656d1da11d056524e37a0aa,WBTC,31.343335170000000000,2731719.68,87154.72259016
0xce1ee57e8de511bbc11c5bcfc4b22efa062f8bb4,USDC,2703884.543442000000000000,2703101.88,0.99971054
0x518d5c9bce6a247b08b4f8354ca16d1378640c83,WETH,949.313840924154600000,2681753.62,2824.93892778
0xfc2a0f6fd177c8bf40d0fab7e6027d6f290ef11d,USDT,2679000.551040000000000000,2678983.49,0.99999363
0x0c883bacaf927076c702fd580505275be44fb63e,PYUSD,2670211.345514000000000000,2669304.27,0.99966030
0xe16c2a4666032e27b22818c1c7ac7fad1aeecceb,USDC,2669113.553498000000000000,2668340.95,0.99971054
0x08c6f91e2b681faf5e17227f2a44c307b3c1364c,USDC,2668620.059683000000000000,2667847.60,0.99971054
0xf8e4517dc4fd4bfef9903336adb1ede20803430d,USDT,2667032.927468000000000000,2667015.94,0.99999363
0xe7af87c6c6ec02cc7ee98c3adc555e4231dce8f3,USDT,2660627.758641000000000000,2660610.81,0.99999363
0x7df25ed19086f00e0539c7c9a2a6234e0689905e,USDT,2653021.562502000000000000,2653004.66,0.99999363
0x738264d3a846d52d401dda048228d9bee0ffdbef,WETH,938.401186763019500000,2650926.04,2824.93892778
0xff8559f5f4c7c677a1d958313b61dc8b31bb7f47,USDC,2647637.581725000000000000,2646871.20,0.99971054
0xadfd7fa3ef9e23c3b44f2384dad5bb876f15e00e,USDe,2637941.201448776800000000,2635925.26,0.99923579
0x1349be152879937339ea7e4741d84a2ea1483f96,USDC,2626424.300636000000000000,2625664.06,0.99971054
0xfa086057948378ce46159aca92a4455c58ba1a46,USDC,2624655.115940000000000000,2623895.38,0.99971054
0x3bb3892ce3f41a783c8def2ef3b022794a2306bf,cbBTC,30.000000010000000000,2620906.93,87363.56416857
0x982ddd0c8d1376bcf319e42d7d70dcdd244433bd,USDT,2617284.292670000000000000,2617267.62,0.99999363
0x10098de28ba6928186954fcc18ad919040600af3,USDC,2607056.996800000000000000,2606302.36,0.99971054
0x5dc93e0046436eadfb72f6491e0e21594b1f3eae,USDC,2600000.000001000000000000,2599247.40,0.99971054
0xbcd421777df026978889274b98a3bef4cb2c779c,USDT,2576723.601406000000000000,2576707.19,0.99999363
0xfd93166d4737938e2a2b2e9f237c03bc12a09e0b,DAI,2575100.507707050500000000,2574016.39,0.99957900
0x6ed3c871ac6aae698a9d6e547a5f54873b091e18,PYUSD,2566659.165715000000000000,2565787.27,0.99966030
0xc2c89a0216d4e2722d40e90a40bf6e483bfe7f5f,WETH,907.554674964556300000,2563786.53,2824.93892778
0x0913ad33a83ac434c2ef2a0a3ab2a67ee706288a,USDC,2560544.745849000000000000,2559803.57,0.99971054
0x4a48753b1a184e7eeda58b56797c43303b06e790,USDT,2540417.423973000000000000,2540401.24,0.99999363
0xd0b8dfcf9da999db981a60a8da6584e8e52b757c,USDT,2524239.054085000000000000,2524222.97,0.99999363
0x9f985eafe393958fc43b4ab6dba85e768dc47e0d,USDT,2523993.638875000000000000,2523977.56,0.99999363
0x99f4176ee457afedffcb1839c7ab7a030a5e4a92,USDC,2524155.006322000000000000,2523424.36,0.99971054
0xb12a9d1bae6a2220936734792390f5ee5cc8a3e6,USDC,2517601.069440000000000000,2516872.32,0.99971054
0xa580fe412dfbc2754bf0b9006075bd4b64a6752b,USDT,2510081.160139000000000000,2510065.17,0.99999363
0xc9cea6df3a736846c5b610ff342836838ec1a84d,USDC,2506459.707907000000000000,2505734.19,0.99971054
0x28b41cf49c00fe3787cd962feef93238f569c77b,USDC,2504481.232561000000000000,2503756.29,0.99971054
0xe81d87fa302e663400dcc2110c3ffb7774288ff1,USDC,2499999.999999000000000000,2499276.35,0.99971054
0x55b2c8d9d150cc65b0eff6d18306c2881800750d,PYUSD,2500001.088663000000000000,2499151.84,0.99966030
0x654d8677a6a3776a70f0d453b46cf6223ad52686,USDT,2497565.338517000000000000,2497549.43,0.99999363
0x28a5ec068ae7500cbf21b989d62c7a81e2665b18,USDC,2493463.244526000000000000,2492741.49,0.99971054
0x13939d994b1a27753de29adddb56d175e846608b,USDC,2492674.056662000000000000,2491952.53,0.99971054
0x215f7e305d732edafdb147c233211458f2d0e6bf,WETH,876.751808705953400000,2476770.31,2824.93892778
0xe71cbf47fff309813bcea54f3ecf49a5f129264d,USDC,2440000.968130000000000000,2439294.69,0.99971054
0x99f4176ee457afedffcb1839c7ab7a030a5e4a92,USDT,2421192.912612000000000000,2421177.49,0.99999363
0x106c1059ef92769fe5e52cc736a35ee09b3e238c,USDC,2414636.312127000000000000,2413937.37,0.99971054
0xc3fdaabf3ad59096596b68408d4c152b4240725a,WETH,852.216125134485800000,2407458.51,2824.93892778
0xa42533a38f1468162802b3549c4b4e3d5b8b5f89,USDT,2402771.492500000000000000,2402756.19,0.99999363
0xfefa1c66ce1522efbb0d5189ba702e76e6bcaf3c,USDC,2402931.092003000000000000,2402235.54,0.99971054
0x595362a906a0b4e90aee1430b1f80fdde2be80de,USDe,2400112.554888464500000000,2398278.36,0.99923579
0x8066df51d781595c29bb3ce3d359560b9240e559,USDT,2394095.994990000000000000,2394080.74,0.99999363
0xc7218ace51373b6716b7ff3aeb36fbfa75f2c8a7,USDC,2386514.764759000000000000,2385823.96,0.99971054
0x35cf0e0d31e21c6ea896944b8d3ca48ca660bd6f,USDT,2385354.549617000000000000,2385339.35,0.99999363
0xbf16e9b0aaddef8ea03ba2c599a9ebf287277391,USDC,2384731.882320000000000000,2384041.60,0.99971054
0x7613bcb077bfe7781ff11cc8eb0c9271a056de44,wstETH,689.635114696172500000,2377436.94,3447.38382951
0xc40bcfd976d87e382e5877d6e7e8118342883b17,USDtb,2370080.746140244400000000,2370080.75,1.00000000
0x346ccfdee95c7bd36b60bfe028d0f40d3517f22f,WETH,834.701692285437300000,2357981.30,2824.93892778
0xb81765a9c8c2b91007a9b3f431c880cfb9b997ce,USDC,2329920.981468000000000000,2329246.56,0.99971054
0xa9490f0c8d46e01c5b11bc333eb7df608b9122af,USDC,2329871.074610000000000000,2329196.67,0.99971054
0x99ac3df9f61e37b71932d9b89e5d16f42eed2c96,USDT,2323563.998662000000000000,2323549.20,0.99999363
0x671730450c132914662dfa6beda90f8a1a4cf84a,WETH,822.188755655919400000,2322633.02,2824.93892778
0xe0ef6f6fd0732810b2d5d747bdc5ca1b3cf19865,USDT,2316779.260139000000000000,2316764.50,0.99999363
0x8494d3428290b903eb89bdf703fbd04551bd4412,WETH,819.452146952312700000,2314902.27,2824.93892778
0xfaa617c252e9fa8616e57ea960119176b897a911,USDT,2311500.854606000000000000,2311486.13,0.99999363
0x4c9f7207be28278b9dca129f2e211acfff48fb01,USDC,2309562.680363000000000000,2308894.15,0.99971054
0x65cdaac4aa7f234124f5259247e7d8f5d8292502,USDT,2303600.385130000000000000,2303585.71,0.99999363
0xfb74196eccf35a260dd5cfd300baa37ae058b6c0,USDC,2303438.921020000000000000,2302772.17,0.99971054
0x1e5d299776be8114fa991a37b77ee09bbae45735,WBTC,26.352863670000000000,2296776.52,87154.72259016
0x35bb437ff8c48a68759514e43d360af823e9504d,WETH,811.426572781514000000,2292230.51,2824.93892778
0x6833df4e1edb361a04491349833c83a4868abcda,USDC,2289691.175998000000000000,2289028.40,0.99971054
0x338a07cf3e117d446ffbd3bc4a60787f892be222,USDT,2283036.339737000000000000,2283021.80,0.99999363
0x670249a5206420d7dbed1b42c4555ad0f75115fc,WETH,807.000000000000000000,2279725.71,2824.93892778
0x6df94d0488f79b3c4292d0955828fb9e6d7b614a,WETH,802.394879382090400000,2266716.53,2824.93892778
0xdd9bd62d1c08210fdda6f841ed5196b45a939625,USDC,2266889.076474000000000000,2266232.90,0.99971054
0xb0809dc7d52aa1112dccfe33958a50186a952ba9,USDT,2253609.180622000000000000,2253594.83,0.99999363
0xf93457533efd041d2a5200a82cca718fcdc42103,USDT,2243697.696280000000000000,2243683.40,0.99999363
0x27135b2dde0105e23f896159da6499ce1b27cf09,USDC,2235736.258253000000000000,2235089.10,0.99971054
0xceef57f6c40a7cb2392eaad101ee0440aa43ba42,DAI,2233669.880201404000000000,2232729.51,0.99957900
0x0eaadd8751fa4986b115fe354deaab283084852a,wstETH,647.500000000000000000,2232181.03,3447.38382951
0xd2b2a8ab7a8c903501f4db4ee45c67522a4511ed,USDC,2227569.358100000000000000,2226924.57,0.99971054
0x7a47cc409047521932a742d24ff634a60a25834e,USDT,2219854.644315000000000000,2219840.50,0.99999363
0x167ec339e5539100bc453ac349f012e194bf85a3,USDC,2217191.610601000000000000,2216549.82,0.99971054
0x3fc4a4cb4d394d25207d65c437fc8a5285336a7d,USDC,2207952.635441000000000000,2207313.52,0.99971054
0x64f80d81f4ae9858a9e92dce8d19ee1686cc8e04,USDC,2200715.781376000000000000,2200078.76,0.99971054
0x2817601bb438f48655421f4a43974b40ae20cf72,WETH,773.490380964011000000,2185063.09,2824.93892778
0x4269643d7c8e7fab269e51853dc7e7a0cf25d0d8,WBTC,24.996120830000000000,2178529.98,87154.72259016
0x75828f132030b6686a1e5ac017e96da20c5cd540,USDT,2177320.546894000000000000,2177306.68,0.99999363
0x063adacc01db782093d0310bf3d5755d2adec424,USDT,2174823.358785000000000000,2174809.51,0.99999363
0x3297b54349170973cdef5a8a07b47f2702e11068,USDC,2173684.435090000000000000,2173055.24,0.99971054
0xc11870674d97e2aca91f57a519af0eec38c03976,USDT,2172580.344973000000000000,2172566.51,0.99999363
0x39d2ee127ff65c595648befe1bb45aa59d7753a4,USDT,2170149.793656000000000000,2170135.97,0.99999363
0x0307b44dcda71b09f19a24127137ccc0127a57e4,USDC,2164395.110888000000000000,2163768.61,0.99971054
0x1fc4a9fe96d79011dff2e5f8f50271c70db994b0,WETH,765.624236406086900000,2162841.71,2824.93892778
0x8aa375495029dfd74ad86cf365f4fe96828f4981,USDT,2157919.618688000000000000,2157905.87,0.99999363
0x21f7cfa4fc40fb9f1a68e9e7eaa92375dd7e163e,USDT,2156585.357797000000000000,2156571.62,0.99999363
0x864de5bbaf4b8c808e94a8385b95b0855d170137,USDe,2149140.815177182700000000,2147498.42,0.99923579
0x1879023673b998ce95f8d0dd42499380ced18bee,USDC,2146937.236092000000000000,2146315.78,0.99971054
0xec974e88badaa080c3d43a2680f20506f74f8559,USDT,2136529.179466000000000000,2136515.57,0.99999363
0x6ed3c871ac6aae698a9d6e547a5f54873b091e18,USDtb,2111028.678003393600000000,2111028.68,1.00000000
0x6b040f5f255c02323e9d6873f7276969b396c4e9,WBTC,24.177275100000000000,2107163.70,87154.72259016
0x0076812635dd5acc88444bf4d6ff70b1b95ed79c,USDT,2105156.074468000000000000,2105142.66,0.99999363
0x7c1593c39b048bb19e255679ba8505ac7e5f4d12,USDT,2103755.831246000000000000,2103742.43,0.99999363
0x6249099e4a2aacb70621c432d537fe6bbdb5251c,USDC,2102875.793921000000000000,2102267.10,0.99971054
0xefa0cec595a2d8d2ceef2cf9c6c419272c3bda23,USDT,2100000.000000000000000000,2099986.62,0.99999363
0x94aec6a2fd64b63cd501960e920a4d5562d35d40,WETH,742.653903399999800000,2097951.92,2824.93892778
0x799fdb02e49c5b77fddb4b271adf11bf42dca586,USDC,2094270.535630000000000000,2093664.33,0.99971054
0xc93d036c58c83811a82fb98feed8cac7a942a110,USDC,2093515.092906000000000000,2092909.10,0.99971054
0xa68658704ae5f37284e93ac91a7fecb1c858dbed,USDC,2092257.348418000000000000,2091651.72,0.99971054
0x1c34e31a7d506e287d1100512a31bbc3d4a1f25e,WETH,739.541956608372900000,2089160.86,2824.93892778
0x61b63621ead08c8fbe167e005cbdc82796f954f3,USDC,2086414.681219000000000000,2085810.75,0.99971054
0x436a85d2aa1f90378e116d0876a652944e5dfb06,USDC,2083529.959733000000000000,2082926.86,0.99971054
0x0d6b672feab312ce817b689c94e87ba4f0eb56d2,USDT,2074307.631418000000000000,2074294.42,0.99999363
0x8c6aa32b1fbf7746d46ef2c18871633f896211e6,USDT,2061294.439972000000000000,2061281.31,0.99999363
0x8f5ef1b8e357a81a7e0cc270a46af730005a3cb8,USDC,2059636.492050000000000000,2059040.31,0.99971054
0x60f7a8117a4c45073c9163fd805a8a33cbddd1ee,USDT,2058030.948785000000000000,2058017.84,0.99999363
0xdfa8ee9ff8798b37800f3ab18807273d7caaf1b6,WETH,726.563931681200500000,2052498.73,2824.93892778
0x31ad853b9584f909c7b4d413d1e9fc7c125995bd,USDT,2050002.050002000000000000,2049988.99,0.99999363
0x2aea39e27fc87de4a63963687c6e188f062197b4,USDT,2046668.321350000000000000,2046655.28,0.99999363
0xad4618702998e39697e8ea5b6dc0103463cec212,USDC,2043931.765535000000000000,2043340.13,0.99971054
0xf15a426da067629628b9ac369f8908e89a133239,WETH,722.681387447155800000,2041530.78,2824.93892778
0xb6d2e0b2db5731d4103d7fdf223ed3917cf402e9,USDT,2040132.650498000000000000,2040119.65,0.99999363
0x583c34ba0b0b8345e31dc7d0f8f4534630b6d79b,USDC,2033441.723976000000000000,2032853.12,0.99971054
0x3ed451de29d8a2ae07c7d82d21b6084f64399147,USDC,2031434.686623000000000000,2030846.67,0.99971054
0xac1f6159527c49f14ef3f870435be74d3a7bf553,USDC,2023800.349463000000000000,2023214.54,0.99971054
0x05ccdedfaf0603cb6753f3a80ef2342e104113f1,USDT,2022316.515929000000000000,2022303.63,0.99999363
0x15a954001bb47890a4c46a7fe9f06f7c39ff3d68,WBTC,23.170276390000000000,2019399.01,87154.72259016
0xddcefd4578d4311359ef9f0ba826814f314055d0,USDC,2019765.125034000000000000,2019180.48,0.99971054
0xfd81b27d9796a1ba7d7171ea70010c9befb2a62a,cbBTC,23.047875520000000000,2013544.55,87363.56416857
0x54a1b5c470fdcf516b84a495b4acdf800b6f734e,USDT,2010870.046811000000000000,2010857.24,0.99999363
0x8f261252549727859f2bc188de3c3da365723696,USDC,2007501.807387000000000000,2006920.72,0.99971054
0x0d40d9578e1d86abdaf7ea02d0c53d53cba320bd,USDT,2003810.172563000000000000,2003797.41,0.99999363
0x0c50c7a7af017dc050e8a3a917c73d236ff9a6c1,USDC,2002714.687216000000000000,2002134.98,0.99971054
0xfd1043098584cbc763f4d2460aecb94dd4b6fee3,USDT,2001843.876572000000000000,2001831.12,0.99999363
0x88d33a5aded3981b03fc6fb40700e3cf0fa90e3f,USDC,2000755.000002000000000000,2000175.86,0.99971054
0x1cdde20fd300c95427819be44a4fdc8c537361f1,USDtb,2000085.828720106500000000,2000085.83,1.00000000
0x02eca8cc78b7d30c1ac5e16988ed2c8a9da658d6,USDT,2000000.807673000000000000,1999988.07,0.99999363
0x3dc9a881fc9cc64730ae52b0ea9c3917ab901e40,USDT,2000000.533762000000000000,1999987.79,0.99999363
0xaa2a33c424b92cdc042e40c522cb48e586e83026,USDe,2001106.605651257000000000,1999577.34,0.99923579
0xb5e6ae546f5e8c75f19ed89a1ca032a5cb8669e8,USDC,2000000.000001000000000000,1999421.08,0.99971054
0xf3175f028845f4570d0fb1643765f5de24400e86,USDe,2000000.000000000000000000,1998471.58,0.99923579
0xcd566ac6c9d0222f567cac8785fff764c5d9acc1,WETH,703.042636052523300000,1986052.51,2824.93892778
0xf6335f7ed06f99d5596c153f9242ee4b8e09ef59,WETH,702.732504729051700000,1985176.41,2824.93892778
0xc59a1a2ed72eb7b31b8eaedab1f6f8d8c8881365,WETH,700.701583297282800000,1979439.18,2824.93892778
0x0edf985677a7208785ba4dead98bd2253f1324ec,USDT,1978053.643713000000000000,1978041.04,0.99999363
0x7633271e6e00d6a2a0788f9ded6ea0961b2b63c3,USDT,1974220.330821000000000000,1974207.76,0.99999363
0xebd8270f0ec3ffe74f81e144c4970ff1d4d02bbc,USDT,1971387.994608000000000000,1971375.44,0.99999363
0xfab10aa58bf87a3499bd5b603af8c442fc48cbac,USDT,1968967.615803000000000000,1968955.07,0.99999363
0x5eb8ed7b09204437a009e75805d3f2a2f72cc6ea,USDC,1969034.093443000000000000,1968464.14,0.99971054
0x793a3e8a1f0e19719bfa39288436958bcd475dc4,USDT,1965684.641456000000000000,1965672.12,0.99999363
0x680faa50f0b2efa0059c517083f54a57637ab3c4,USDT,1956815.018982000000000000,1956802.55,0.99999363
0xe09dabd0acdc70be4603662eb06df44910b6a6b6,USDT,1955523.800256000000000000,1955511.34,0.99999363
0x385802026a6fc069d5d88386c261feef28e70377,USDT,1953834.236917000000000000,1953821.79,0.99999363
0xe222fc0620334bba080b9379004ad7e983f0a820,USDT,1941523.139614000000000000,1941510.77,0.99999363
0x634f07a674f75a0973b5d7f6bc3809cde8367cb8,USDC,1940000.713666000000000000,1939439.16,0.99971054
0x51b622bd9a064888039e87783b30d2983253949c,GHO,1935422.712768475300000000,1934660.16,0.99960600
0xde604c63852c51e6d22c34d1e4a1698f6ade9288,WETH,684.416867167942100000,1933435.85,2824.93892778
0xf3b7cc70ee5ff4a767a51f7b7e05dfd104e52421,USDC,1930900.217611000000000000,1930341.30,0.99971054
0xd6f4c413639f46c9564efe0c8790ce0b957de427,RLUSD,1930474.724429019500000000,1929783.61,0.99964200
0x670fbcd11fd54908cabe97384f0d2785d369dcd5,USDT,1926261.513119000000000000,1926249.24,0.99999363
0x99858c5f2668a972419a4c6be3870f988cdc25ed,WETH,679.974506053449800000,1920886.45,2824.93892778
0xebb17994ca5a36227e98fc8ef96d4094f7d5bcba,USDC,1917710.863515000000000000,1917155.76,0.99971054
0xae57cfa7e6067399431a52fdbafa1aa6d2c91f23,WETH,678.476743751490500000,1916655.37,2824.93892778
0xfbb06930da94b930721bb3b2f27eee3d60c7f1c4,USDT,1913722.632119000000000000,1913710.44,0.99999363
0x298a0f3a0241db28b7f4784c4f344fe55588c838,USDT,1903061.079700000000000000,1903048.96,0.99999363
0x36cc7b13029b5dee4034745fb4f24034f3f2ffc6,USDC,1900903.002947000000000000,1900352.77,0.99971054
0x41b63d8cb372dca72ac9cf7d6b894d262788ce3b,wstETH,551.001004974317400000,1899511.95,3447.38382951
0xb5d235c27bd7741e2467ffb0efd49877f6beda13,WETH,666.718757123308800000,1883439.77,2824.93892778
0xa0b26a453763cf34b41c922b0b795fba04822c17,USDC,1881266.237155000000000000,1880721.69,0.99971054
0x984119ba38f6da0888441b84ada980eafe84a60c,DAI,1877555.177152582700000000,1876764.73,0.99957900
0x98f355b12e41dd51090339bde6e23370086d008c,USDT,1874179.103596000000000000,1874167.17,0.99999363
0x58817eb46bf7075bdf00ad8bd6c2ac731e9b045f,USDC,1868511.552282000000000000,1867970.69,0.99971054
0x7e26a72fc2c8673e5466b651817425b5b360e186,USDC,1868428.793984000000000000,1867887.96,0.99971054
0xa313262a5856021164bd4a5d2dda65bc018bc758,USDC,1866842.693915000000000000,1866302.32,0.99971054
0x19be5a51545d3535f368709cd09bd957d37de890,USDT,1864179.852804000000000000,1864167.98,0.99999363
0x2102a31cbd1250f6be28f35eae0d0ab1e7c5c023,USDT,1864073.200829000000000000,1864061.33,0.99999363
0xa32cedbb23255321497c543471121068327dc1cb,USDT,1855635.313245000000000000,1855623.49,0.99999363
0x8d5127ab6221f7c99a29294ac5f6a09ed322ac1e,WETH,656.281392256738700000,1853954.85,2824.93892778
0xcfbc5ce4c36144be1713f53d430cb9c3b94c9286,WETH,653.137851256120800000,1845074.54,2824.93892778
0xb1729adfa6a09c59de9627a6fc37cc91c4ea9d1e,WETH,651.989019190369200000,1841829.16,2824.93892778
0x5ad7b98466d066d39a950f112f907a694078df36,WETH,651.491536354603700000,1840423.80,2824.93892778
0x19c8d05e943668d0c34cee7020368ff6d4d6a49a,WETH,650.000112355942100000,1836210.62,2824.93892778
0x1c480883b6766a68c31513be7f7114b357c80f60,USDT,1834743.126108000000000000,1834731.44,0.99999363
0x9a1037b7bd9c1d79ff1f66d1ea7dbf1632344e58,WETH,648.154576002451900000,1830997.09,2824.93892778
0x924cafec4f967be5df085ad94d8d50574f9a2bb0,USDe,1831947.893003514300000000,1830547.90,0.99923579
0xbef34816b76fa0472f57bedb8c08942513f106f7,USDT,1828923.960270000000000000,1828912.31,0.99999363
0xd8b2a759690d5068efed3d6088bd07b54168ab08,USDC,1827351.419976000000000000,1826822.47,0.99971054
0xdb34fbb4e7989c3f8957e9e9b346bf46ee0f0408,USDC,1821421.154018000000000000,1820893.93,0.99971054
0xa470ca0a3e5ff250cc8612b62f8a0703f92deb3a,USDT,1814688.507630000000000000,1814676.95,0.99999363
0x14c87c6a1eb8f61465ad0abd4256383ddaf779d0,USDC,1813447.874211000000000000,1812922.95,0.99971054
0xf368d43f148e1803ec793670183b0ca6a07d3898,USDC,1811063.778477000000000000,1810539.55,0.99971054
0x32013a1c66516139f89234cc859ca15fe10a7da2,USDC,1806782.117742000000000000,1806259.13,0.99971054
0x26ad4f84cd20102c4a7fb9d14bd2661a0d66f96d,USDtb,1801161.668534727000000000,1801161.67,1.00000000
0x7a79969a0b9d51d922c4810d2950560360f6f234,USDT,1800936.034776000000000000,1800924.56,0.99999363
0x862e82662c7ef7961bd1d8e2d35ca70cc0b4dfd6,WETH,636.681062971706800000,1798585.12,2824.93892778
0x9f2251bc33c814d349987d1c05b1a960edfacb55,USDT,1797603.684280000000000000,1797592.23,0.99999363
0x8db92a536b46b86d3916da76e2d5057dcf1f6b0b,USDC,1792326.284951000000000000,1791807.48,0.99971054
0x28deb686bb8d6a3ef6f3490bbcaea40a39053c8c,USDC,1789449.698615000000000000,1788931.72,0.99971054
0x5c9f75de55b0bdab54211978177f41714d9e090f,GHO,1783939.973634414800000000,1783237.10,0.99960600
0x4bef092cd5391ac4c45f4e8b6d7d6ebfea93f506,USDC,1782553.823176000000000000,1782037.85,0.99971054
0x51cc7e0dba0dc53efe57c6dc6cae4da9d74e321f,USDC,1775732.581451000000000000,1775218.58,0.99971054
0xc70f915258483d65c3c562483653397d6b371858,USDT,1770551.091325000000000000,1770539.81,0.99999363
0xe2641e5de1adb81916035ffbcc3e527a94b9300f,USDT,1767079.626021000000000000,1767068.37,0.99999363
0xfee5be290d4a1a50caff611389ba2120a4095d78,USDC,1764284.724396000000000000,1763774.03,0.99971054
0x129d32396f0a8cb03b53209310034fcd78b4eb9b,USDC,1760722.304509000000000000,1760212.65,0.99971054
0x2082c5a3c08a4d5ade0ce779e24b463daa241646,USDC,1749811.753648000000000000,1749305.25,0.99971054
0xb96485fde57144324781a7abf9da12866a94bde9,USDT,1748706.917564000000000000,1748695.78,0.99999363
0xa4b2c76701ae4792a27777636ed79e477b2dd371,LINK,142850.802164769880000000,1741351.28,12.19000000
0xe9a42b30cfb88902d17fe5d57a4a0b7943843a69,RLUSD,1735384.197110399600000000,1734762.93,0.99964200
0x1f9bb27d0c66feb932f3f8b02620a128d072f3d8,USDT,1728308.252988000000000000,1728297.24,0.99999363
0x12dcdd86709b4855990d69000ba766b7b470199b,USDC,1726011.958824000000000000,1725512.35,0.99971054
0x65859153491f44e2226ca6ae37347c855158a4fb,USDC,1723726.537538000000000000,1723227.59,0.99971054
0xb291f15266a525d389a467af383041753fba007e,USDT,1718155.422145000000000000,1718144.48,0.99999363
0xe1b2590d7b450789a91ff7c802229ddc548f62cb,USDC,1715005.398513000000000000,1714508.97,0.99971054
0x11c34d9c67162dd21273e8844c831f7b182026a6,cbBTC,19.571068220000000000,1709798.27,87363.56416857
0xd843412740c6767d3596e5838b6ea1388759fc61,GHO,1708722.871326985000000000,1708049.63,0.99960600
0xbe3e11532080eb261bcc6f4f65560ef18148b782,USDC,1706638.573820000000000000,1706144.57,0.99971054
0x935ad0fbea9572bb24138f23a69e314f0bdbddbe,USDC,1706028.545695000000000000,1705534.72,0.99971054
0xd843412740c6767d3596e5838b6ea1388759fc61,DAI,1705076.571410700400000000,1704358.73,0.99957900
0x00681537d96c4f466f0489bf8d8b30e25339bdab,USDT,1686537.319224000000000000,1686526.58,0.99999363
0xfa89d49a69ac1bde8f4cbac48aa50870fe47341e,USDT,1667405.909468000000000000,1667395.29,0.99999363
0x880851a20750faebd1fe460f8c10878fef5c514a,GHO,1666005.291813352100000000,1665348.89,0.99960600
0x999eccea3c4f9219b1b1b42b4830e62c26004b40,USDT,1663007.243525000000000000,1662996.65,0.99999363
0xa9f5cb4a5dbd6432292a632921d250d2df93ae73,DAI,1662049.488979282800000000,1661349.77,0.99957900
0x203962b5aa6f23224496a4cf6c85efca668ebd3b,USDC,1658827.404773000000000000,1658347.24,0.99971054
0x32d2d8a08e29668492724b83d81c750123b6b905,USDT,1655157.971572000000000000,1655147.43,0.99999363
0xbda821c7d9f9ba9fa59b9e3a888b6010f4848372,USDT,1654244.428896000000000000,1654233.89,0.99999363
0xe1bdff947510a8e9623cf7f3c6cf6fe5e37c16b8,USDT,1652400.905382000000000000,1652390.38,0.99999363
0x04d25e7dbd61fb49ff4a59a2d16529cf06fadd56,USDT,1651534.278404000000000000,1651523.76,0.99999363
0x5a14bd3f2bf84c3690d653f1d40cfb7a8a9b3c26,WETH,584.516540470033400000,1651223.53,2824.93892778
0x061915ffc572ceeb6639dc40d23554f9755d1b0c,USDT,1650114.661457000000000000,1650104.15,0.99999363
0xdf385e71d88af434d40278950fb04dc3680593be,USDC,1650034.872119000000000000,1649557.25,0.99971054
0x93a72b6cb640120ceabf3948506b16a96bbd45e0,USDT,1648325.098051000000000000,1648314.60,0.99999363
0xea5a0514cc0b7ad227ac77bd86a68774696b5ca8,USDC,1643700.651448000000000000,1643224.87,0.99971054
0xa507b355d6288a232ac692dad36af80ff1eba062,WETH,581.637292912477500000,1643089.83,2824.93892778
0x984292bfd4efa8104de2c568f4a9842f2d887290,USDT,1642345.854781000000000000,1642335.39,0.99999363
0x5c430ff6f374da12218b380d2040299ae5b6d40e,USDT,1640757.731420000000000000,1640747.28,0.99999363
0x7b852ebc448b3638f971bac2c463db6578634f11,USDT,1639505.326792000000000000,1639494.88,0.99999363
0xf84dda9ef2cee60fed034b7a53a8ae7c3f100e41,USDC,1638766.153143000000000000,1638291.80,0.99971054
0x4f9bd851f098d4950c64c7872b1eef3a24879cc9,WETH,579.522738267464800000,1637116.34,2824.93892778
0x984292bfd4efa8104de2c568f4a9842f2d887290,WETH,577.230926917101900000,1630642.12,2824.93892778
0x6dd2652d1ad60f1f62d27cd237b3573a20d0a997,USDT,1620932.010654000000000000,1620921.69,0.99999363
0xd4bce9c082e315b8e3d0a79bfb5c6daa36e9531b,USDC,1620195.405236000000000000,1619726.42,0.99971054
0x0b37864bc174604bfe37c71fad83d0dd770cd752,USDT,1614261.373186000000000000,1614251.09,0.99999363
0x4e8f8b13d07abe0dbd49d613f97b45cc45ec40e2,USDT,1610246.527123000000000000,1610236.27,0.99999363
0x42ee30f3a8d302c0740fa66411dd2a0ee9d51159,USDT,1608719.604209000000000000,1608709.36,0.99999363
0x2ebc57534533a8a4fa12471353d32f19a1f241b4,USDT,1606739.200622000000000000,1606728.97,0.99999363
0xb7ce0925ba99893a168e20e6b626246f2a391590,WETH,568.514112001540200000,1606017.65,2824.93892778
0x26b4b1842038b7578e84b4dbe588e65ff00df6a9,USDC,1602828.231132000000000000,1602364.28,0.99971054
0xc0c597d4234bf1ed01cff725302fefc1010577ba,USDT,1600014.278055000000000000,1600004.09,0.99999363
0x0ccd5a2e92485e5e8f6cbbd53a087ad027a70ff7,WETH,565.916302188365800000,1598678.99,2824.93892778
0x974bfbc275c9bef1db22e904a56b7ae4c0adf1b5,USDT,1596293.029531000000000000,1596282.86,0.99999363
0x63f034270144736760939935826b0d39330c2336,USDT,1592504.348125000000000000,1592494.20,0.99999363
0xac0168b4fd7427bfd616e3a47fc05dd8175d5b64,USDT,1583111.765541000000000000,1583101.68,0.99999363
0x3d5426f553fd05f9a6dc7b208be90b4f1f4954a5,WETH,560.091968401599000000,1582225.60,2824.93892778
0x0305c8aa090070000ee41a82d9226482f0296e08,USDT,1581335.392293000000000000,1581325.32,0.99999363
0xea1feb9a9a006a7fc253c6ca87349be0da072f25,USDT,1579027.471485000000000000,1579017.41,0.99999363
0x554655c3e743abe133e9a0d395ca5a09a03f920b,GHO,1577260.077042075600000000,1576638.64,0.99960600
0x0f7fb6c45c04d6619a2fba85055588b910b15af1,USDC,1576962.419012000000000000,1576505.95,0.99971054
0xbd32ab736f4db0a1b0a8454946cf956cd0254656,USDT,1575381.662885000000000000,1575371.63,0.99999363
0x99a15fd49a6fce0c763cd598a716100f3240c78e,USDC,1571315.928909000000000000,1570861.10,0.99971054
0x98cb1557beabdf403d4ff7a44677769a6a0a5eb0,USDC,1570911.242115000000000000,1570456.53,0.99971054
0xf93457533efd041d2a5200a82cca718fcdc42103,USDC,1569718.157547000000000000,1569263.79,0.99971054
0xd3a47404c47c9e5325339592626eaf2fa3202b23,USDC,1562824.519158000000000000,1562372.14,0.99971054
0xf03208745f013d892ceeb2c15aa830cd2cb123b2,USDT,1557310.531378000000000000,1557300.61,0.99999363
0x6e180a1aa5ab50bb16f07ec1988c89b776d2bab3,USDT,1553881.014784000000000000,1553871.12,0.99999363
0x180961956347a2370f59aebf3dc085474624b775,USDT,1549809.174650000000000000,1549799.30,0.99999363
0x38e3c92a543ed6c87eaed33bcba04b9d30291220,USDT,1543229.892117000000000000,1543220.06,0.99999363
0xe56e6ea69ac4253d02ff92583f27530e5a776b43,WETH,546.138714017168100000,1542808.51,2824.93892778
0x20899696bcb449f50bc6fa1f9fc4ed2ba29f5afe,USDC,1542426.979712000000000000,1541980.51,0.99971054
0xdd95ec6c5d119a90c442ecffbde858171ccba443,USDT,1537531.079361000000000000,1537521.29,0.99999363
0xe4656c9b852be02c2db0c256403950fdcb6d5f8e,USDC,1532747.459716000000000000,1532303.79,0.99971054
0xe37195cefec99ccc722363ba104bb577a490fec9,DAI,1527956.713410443900000000,1527313.44,0.99957900
0x5094421282d49672a394e6b7dc8507191e50ad5c,USDC,1525555.258933000000000000,1525113.67,0.99971054
0xe3fbd803865f2dad742786fbaac4a32d7ef9f3f5,USDtb,1517948.161576732000000000,1517948.16,1.00000000
0xbed70771203884ae83da8a2c988002b86a785373,USDC,1516134.894043000000000000,1515696.03,0.99971054
0xe84a061897afc2e7ff5fb7e3686717c528617487,DAI,1515341.192597680300000000,1514703.23,0.99957900
0x54b338e6cfd605dad2264b96b0a730fb2bdca9e4,USDC,1514945.000001000000000000,1514506.48,0.99971054
0x8a8feacc614fa4b59cc2501f680c28e98e57bd14,USDC,1513092.529138000000000000,1512654.55,0.99971054
0xe5379345675132653bd303030c6e456034ed1961,USDe,1509980.751840976500000000,1508826.81,0.99923579
0x364d0c18ed7c59fe6ac570e399e269594bf69b55,GHO,1508804.929658498100000000,1508210.46,0.99960600
0x5e350a4c44ba136b64b62418acab683c478c1d11,USDT,1505354.000232000000000000,1505344.41,0.99999363
0x765decf4fa157756e850c1079f60801b9219edd1,USDT,1503034.274208000000000000,1503024.70,0.99999363
0x003e5bd70aa09b9ad03b14ab33825039f2a81efa,USDT,1502946.186044000000000000,1502936.61,0.99999363
0x785bcb5a3b08095662e2d92cc22f221bda651b44,USDT,1500971.002258000000000000,1500961.44,0.99999363
0x4727a763746c6adaa3f577f6971c3b9543c169de,USDT,1500000.000000000000000000,1499990.45,0.99999363
0x4444ee1efbcfc7716754d4df119a1dbbe29934b3,USDe,1500897.613810994200000000,1499750.61,0.99923579
0xdceaba486cf624a09ebb35f8fe7d1c109b9fb6f6,USDC,1500016.591491000000000000,1499582.40,0.99971054
0x2041ebbd5c490d9bb6edeff644ea01b7b0fec246,PYUSD,1500000.000001000000000000,1499490.45,0.99966030
0x2f471f35c7c629656f76e318e572574339180f87,USDT,1497093.718389000000000000,1497084.18,0.99999363
0x0aa16dc326cab0e5a54f2a380f15c0b20ffbe9e4,WETH,529.751827633747200000,1496516.56,2824.93892778
0xb291f15266a525d389a467af383041753fba007e,USDC,1492896.584577000000000000,1492464.45,0.99971054
0x62e65900c592a77d41d141a094e1f0ab45a6138b,WETH,527.594411648083900000,1490421.99,2824.93892778
0x82d5d7c66e0fd623ceca1d7ea34fdb8132002523,DAI,1490982.892386983600000000,1490355.19,0.99957900
0xc8af7076de5634497e10ebf21325da49cd5de464,USDC,1489690.027049000000000000,1489258.82,0.99971054
0x3122d26bc093712b6941e413b575e14c6c721b6a,WETH,523.333450201452800000,1478385.04,2824.93892778
0x180daa8a8bfab39dc5fdd510fb43b31428fd559c,USDT,1477920.350927000000000000,1477910.94,0.99999363
0xe9670b472796db7f88ca9973f58aed7889fbe424,USDT,1476071.896778000000000000,1476062.49,0.99999363
0xb8c01ecea97cce8d1f71e501d70f625b270d390f,USDe,1469323.896248898000000000,1468201.02,0.99923579
0xd2a838a15f54bc813170e3aba2ffe1e53f242ec6,LINK,120001.347687981780000000,1462816.43,12.19000000
0xcb954495438b23e792de53f1352cafe20e14521a,WETH,517.438393077071700000,1461731.86,2824.93892778
0x577ebc5de943e35cdf9ecb5bbe1f7d7cb6c7c647,GHO,1461110.687503016000000000,1460535.01,0.99960600
0x411ec29a5619d17eee9623f1a9a74bcda5a2ca81,USDC,1457834.334449000000000000,1457412.35,0.99971054
0x2c08b7d5e0c9315c1a837706de820ca109c9e396,USDT,1456738.973333000000000000,1456729.69,0.99999363
0xbb8ce9148872b85aaf1584364bb94eec99e8f409,USDT,1453713.236087000000000000,1453703.98,0.99999363
0xffa28a7ab1c445f3e8baf54cbb4a2453b4f80d69,USDtb,1452059.101383092300000000,1452059.10,1.00000000
0x276c59d27d8dae1b618d4320e707c6e02d96b4d5,USDC,1452390.724680000000000000,1451970.32,0.99971054
0x05936f6a5ea9abfbfcc690f1a6140d97e80640f9,WETH,513.925221892978000000,1451807.37,2824.93892778
0x80b3153f39aeec1ef68adc038913698e103e6e1d,USDC,1450688.101583000000000000,1450268.19,0.99971054
0x278a4ca99593a9c32bb9b318d82cf5e69ef95d42,WETH,512.912972706356600000,1448947.82,2824.93892778
0x2dee72220b4aeb3887117e566dd85de018307646,DAI,1439228.535412068000000000,1438622.62,0.99957900
0x122417d7408df58ed06a49cc57415f1edadad556,WETH,507.854704976213200000,1434658.53,2824.93892778
0x59e90a7d109ad61dff75152b9dfa019cb7fabadd,USDT,1434542.326192000000000000,1434533.19,0.99999363
0xef99c943220e53c70e7a27ea6ba22b707c5aa8f5,USDT,1426344.913239000000000000,1426335.83,0.99999363
0x1c934e8029d17920e697e3eb214014806576983f,USDT,1420063.187515000000000000,1420054.14,0.99999363
0xa331ebda776e9eab1b18251414da56a54fbfa5d1,USDC,1419954.906141000000000000,1419543.89,0.99971054
0x0be6cdcd1d09432e9705b4aa7efa26cb305824d1,USDC,1414044.600243000000000000,1413635.29,0.99971054
0xbf3401cee68f45d1963407076c119f1b3867bee8,USDT,1406607.007173000000000000,1406598.05,0.99999363
0x05ac2c01661eb6aba0f88a78dc306c84af90bf69,USDT,1406356.285398000000000000,1406347.33,0.99999363
0x8e05c77db6b098a9c03fc30609859f3631c6e87a,USDC,1400907.749597000000000000,1400502.24,0.99971054
0xa6a0ab18479e901d97f6bf6c0aee534386ffa8c6,USDT,1400000.000000000000000000,1399991.08,0.99999363
0x25ec7cbf50873a1078c5b4d471546a1a09fc75d7,USDT,1399735.471065000000000000,1399726.55,0.99999363
0x23e91fba4fb8cac07a61972f111d176833dab787,USDC,1400000.000001000000000000,1399594.76,0.99971054
0x23809d0cb1fa7c2e61139c5e54687adba012b5f2,USDC,1400000.000001000000000000,1399594.76,0.99971054
0xd54e3d1bd76f05fd3608a3060a88d1e98765406a,WETH,490.549842746155700000,1385773.35,2824.93892778
0x966e50f3bf6b559153d374298e39eafa458efcfb,USDT,1385182.965301000000000000,1385174.14,0.99999363
0xf015362ded8e61d83021b474bc15132727916364,USDC,1382563.075743000000000000,1382162.88,0.99971054
0xc52993fd31fb682653e21ea495e57d8f7ec537ad,USDT,1380483.572965000000000000,1380474.78,0.99999363
0x161af905bf20e99d7cd487c88c59c7570babc77c,USDT,1377271.474455000000000000,1377262.70,0.99999363
0xbd32ab736f4db0a1b0a8454946cf956cd0254656,WETH,487.000125143787840000,1375745.61,2824.93892778
0x704f62901260128a0b2406ebae239ce933f131fe,WETH,486.768998586432800000,1375092.69,2824.93892778
0x74b6a6a60256b1e04128ffd0293313d1e6107c9c,WETH,484.218108132522000000,1367886.58,2824.93892778
0xdfef531d765757db52be717d6da83eff43f4d3eb,USDT,1366990.425468000000000000,1366981.72,0.99999363
0x55b7af9db0a34742483c421a0ffa7b9e90a4cf29,WETH,482.477616468862800000,1362969.80,2824.93892778
0x8c0fcf914e90ff5d7f2d02c1576bf4245fad2b7f,WETH,482.109341109948200000,1361929.45,2824.93892778
0x240ed5c2b5ac768492afdb9fef7570fd4cc22ff1,USDT,1361870.250566000000000000,1361861.58,0.99999363
0xebefa2c1aa5da17c1646cd4ff349d6d3f285db16,WETH,481.878903682869300000,1361278.47,2824.93892778
0x8c16747be48a94514c1e08d341d45c9a631d830f,WETH,481.332065095220460000,1359733.69,2824.93892778
0xc77060d9f36943668b2377a7eac34effd6ec200f,USDC,1358641.811748000000000000,1358248.54,0.99971054
0x92bfb3bd9a4f1d0480dc513908b56d6c730e0ce6,USDT,1356366.325427000000000000,1356357.69,0.99999363
0xa67963e047cf23aa96a178f434f678a6a3a537e9,USDC,1352000.329001000000000000,1351608.98,0.99971054
0x3bc22a96ab596c721337103235101d531fc8d386,USDC,1351919.107602000000000000,1351527.78,0.99971054
0x4e90a92c4b20830a536c36b8c7e7d3e71a1dfea4,USDT,1351049.272851000000000000,1351040.67,0.99999363
0x81c8717d094d22a7bbd3b06247dceca82d7ade38,USDT,1350920.459039000000000000,1350911.85,0.99999363
0xaefc72f5820c4c27acb4efbe26a0a0fdeb1f52f5,USDT,1350819.882620000000000000,1350811.28,0.99999363
0x3c1bf7d29100acf8fe8c48ac3ed144388ad470a9,PYUSD,1348984.728658000000000000,1348526.48,0.99966030
0x2e8ca8308b901f567b2c8d5917348d8c984be00f,USDC,1348750.569619000000000000,1348360.16,0.99971054
0xb7bf01d9871ddd13e6faf990d0ea97d7f1cf48b7,USDC,1343870.641076000000000000,1343481.64,0.99971054
0xd713e50e8482393ce8f51c963aeefc081f83d465,USDC,1339760.028071000000000000,1339372.22,0.99971054
0xd242c01f124b3389924505ca9e645a384ca4821a,USDC,1339094.536498000000000000,1338706.92,0.99971054
0x26f5857bfeab9369ebe69230903a7e1e96aa576b,USDT,1337461.692533000000000000,1337453.17,0.99999363
0xecbf6e57d9430b8f79927e6109183846fab55d25,weETH,437.103774874084400000,1336185.57,3056.90694827
0x64f7eb44fcabb052712991c1d5f0d18ca0132fd0,USDT,1334074.411557000000000000,1334065.91,0.99999363
0xdeccc6ba5a64bca4f48b0e02d59b31ceb5d75bb8,USDT,1332787.031080000000000000,1332778.54,0.99999363
0xf5c248fc456d02644b4c6b8051eebbf537e2ab4b,wstETH,386.410290753134000000,1332104.59,3447.38382951
0xf29ebad700a30c84d347baf85cc562cf525899ec,WETH,470.589155277993140000,1329385.62,2824.93892778
0x8c6439fc4b3b0265d52d3b05620bf3e00726ed99,USDT,1328734.598748000000000000,1328726.13,0.99999363
0x7338afb07db145220849b04a45243956f20b14d9,GHO,1324869.210343182000000000,1324347.21,0.99960600
0xdc297ee7be40259bbb6d75e16551c0c170fb20d1,USDC,1320000.000000000000000000,1319617.91,0.99971054
0xead9623a385c301b166f3740a2973d05f1d190dc,USDC,1319996.623570000000000000,1319614.54,0.99971054
0xeeb5f2460828d1160f55f656a288896cfb562e4d,USDT,1318368.767496000000000000,1318360.37,0.99999363
0x0c0abec98df2f8787ddb83759e30524e15406595,USDC,1312370.924366000000000000,1311991.05,0.99971054
0x7442aa8ee475b6ee9372ea85f64bf3989df63bee,USDT,1309630.762330000000000000,1309622.42,0.99999363
0x8b2e5025ed1dfaca279c7a809f6b5c9eeb8adcb2,WBTC,15.000000000000000000,1307320.84,87154.72259016
0x82138a24a7717473a2abb29f396e530e076c01fe,USDC,1306397.175784000000000000,1306019.03,0.99971054
0x925713c121423e7bbf7045ff163bdbc0a298207a,USDC,1302771.459484000000000000,1302394.36,0.99971054
0xb8c2c0aa32a95351ffa9450509c62379a42a4f87,GHO,1302634.647934123600000000,1302121.41,0.99960600
0x6d478cb16317680a517ff89253f82032efdc31ba,USDC,1301423.221169000000000000,1301046.51,0.99971054
0xaa6a99026af49b583ea5cb54b883c0ba33e8b3a0,WETH,459.000183869117700000,1296647.49,2824.93892778
0x1b72bac3772050fdcaf468cce7e20deb3cb02d89,USDC,1295323.181618000000000000,1294948.24,0.99971054
0xcb7329d618d5a399750cd61081b8f2edb5718958,USDT,1289320.717802000000000000,1289312.50,0.99999363
0x26ed116fcbfbeb9ab12ad8abe1c4e088192bae30,USDT,1289122.589707000000000000,1289114.38,0.99999363
0x8324146852a37975a7100e156531d5503cb51609,USDT,1284723.103196000000000000,1284714.92,0.99999363
0x19c43330f4edb0e8c4d0eebbecb30d1b1b26d26a,USDC,1285042.780738000000000000,1284670.81,0.99971054
0x62897e744e0c71860ea74bd88858b0f4afbf72dd,USDT,1281617.311931000000000000,1281609.15,0.99999363
0x6833df4e1edb361a04491349833c83a4868abcda,USDT,1281228.836227000000000000,1281220.67,0.99999363
0x45371ed1b5cc92048a036f29914e78659be424f7,USDT,1278798.073413000000000000,1278789.93,0.99999363
0xc3b2fc58a3a54739e303b5e7c53bd6021d1d56dd,USDC,1274609.676033000000000000,1274240.73,0.99971054
0x4e24e4cce79bb6ddc4baec394880873215edaf7d,USDC,1272607.754530000000000000,1272239.39,0.99971054
0x684052ef7741d39522670aa6be1c230213235b0a,USDC,1271517.258903000000000000,1271149.21,0.99971054
0xa4bed23fc877ac093acbb94862dc660eab429b4b,WETH,448.869736463986200000,1268029.59,2824.93892778
0xb2a2891fe370c762836c7bc53a7dac555c759235,USDC,1267637.227578000000000000,1267270.30,0.99971054
0x9446ccb8853ed054d47c9c68d6835b5d67a34112,USDC,1267032.083291000000000000,1266665.33,0.99971054
0x924cafec4f967be5df085ad94d8d50574f9a2bb0,USDT,1265442.239785000000000000,1265434.18,0.99999363
0xe7da19d08df73c9371080a14b8e6fdca9243e16e,USDC,1261675.553802000000000000,1261310.35,0.99971054
0x11eee2e0a613af4f636e23ff295e2dac6a191d1d,USDC,1260169.996914000000000000,1259805.23,0.99971054
0x59c5e18a736ac6424a4253174cfd9625f5d5fef0,WETH,445.799985435884200000,1259357.73,2824.93892778
0x2696276e2bcb087eb59eb0e0277b971f33fe356a,USDC,1258380.000000000000000000,1258015.75,0.99971054
0x0514f2f3e0277c47117e3f33d9390efb0acfbdfe,USDC,1256893.258365000000000000,1256529.44,0.99971054
0xa6f3d9380c8c2b9c8688fd561282a726c81c47dc,USDT,1256077.608574000000000000,1256069.61,0.99999363
0x2a6808f190795992c1175586ae217251dc06d90f,WETH,444.220417493529000000,1254895.55,2824.93892778
0x64b37659c33e0d26cd99ec63672005f6b64a6401,USDC,1250716.292769000000000000,1250354.26,0.99971054
0xbbe3188a1e6bfe7874f069a9164a923725b8bd68,USDC,1250000.000002000000000000,1249638.18,0.99971054
0x38a564a38be5dfb6ef2ab765da1e4397d03c2d62,RLUSD,1250000.875989896200000000,1249553.38,0.99964200
0xf9f061d9a5f04e223ed3c560e03a8ab0a70cc1c4,USDC,1247670.336202000000000000,1247309.19,0.99971054
0xcba0c5d1dc2fd66c8c12ece3d05b44d2a1d738e8,USDC,1244035.713173000000000000,1243675.61,0.99971054
0x8d8b3010808e0864ec3392b5fdcc192497787f8b,USDT,1240715.532042000000000000,1240707.63,0.99999363
0x5285415710d4024ee95025ff7ce86d869491548b,PYUSD,1240507.483760000000000000,1240086.08,0.99966030
0x42270424918609bd60e1d3e12d7bcea1b9ec3513,PYUSD,1240216.330563000000000000,1239795.03,0.99966030
0x6967c9a1a6e7057cefb79cbb5bc23b234ae6cf3a,WETH,436.626851972861400000,1233444.19,2824.93892778
0xfa8b297ab8112ac7ee1ea642d615801a9952275e,USDC,1231204.962379000000000000,1230848.58,0.99971054
0x41242a84e9ccfaaa800af9860fc1fd501fbaa525,USDC,1230674.738125000000000000,1230318.51,0.99971054
0x6e96a8f5493d55c3a5cdbf2b2d8e049f812a929a,USDC,1229942.083502000000000000,1229586.06,0.99971054
0x2b6d91d5c378f3ffbeef113a5ddcb98b5fac1119,USDC,1228761.318054000000000000,1228405.64,0.99971054
0x106f42433ecec467fb274984e94163f54d6679a9,WETH,434.056004575314430000,1226181.70,2824.93892778
0x7df38874e14e2e8fd237b63ee9b66e4c5226b486,USDT,1222606.637670000000000000,1222598.85,0.99999363
0x5c57a4dec1c8c392343ddfd68564046ba0c4cffc,USDC,1221315.591547000000000000,1220962.07,0.99971054
0xbdfa4f4492dd7b7cf211209c4791af8d52bf5c50,GHO,1220152.996672214500000000,1219672.26,0.99960600
